Date,Open,High,Low,Close,Volume
2020-09-24,101.92421570211286,106.84743726159023,101.75946405865736,104.88008880615234,167743300
2020-09-25,105.08359510641,108.96983913180422,104.34704842616586,108.81477355957031,149981400
2020-09-28,111.46054633695047,111.76097670476364,109.29936567544041,111.4120864868164,137672400
2020-09-29,111.01471850800384,111.75125778339695,110.06496037698288,110.56890869140625,99382200
2020-09-30,110.27819234917513,113.64110173479544,110.11344069592683,112.23584747314453,142675200
2020-10-01,114.00936590090853,114.08689869652889,112.25522891512048,113.18560028076172,116120400
2020-10-02,109.40597427158033,111.80943945830253,108.75665366895876,109.5319595336914,144712000
2020-10-05,110.39451524360874,113.04995134416937,110.04562496541112,112.90457916259766,106243800
2020-10-06,112.12922867288654,112.53627212533412,108.78570657319916,109.6676254272461,161498200
2020-10-07,111.08258643963451,111.9838849635665,110.60770355491991,111.52838897705078,96849000
2020-10-08,112.66227875286972,112.80765091391855,111.05350632008391,111.42178344726562,83477200
2020-10-09,111.72220118579409,113.38911933685253,111.37331099631979,113.36004638671875,100506900
2020-10-12,116.35467592893329,121.31666387202866,115.59874966676792,120.56073760986328,240226800
2020-10-13,121.40387407242964,121.52017325599154,115.95732503612084,117.3625717163086,262330500
2020-10-14,117.26568290980406,119.23303161360833,115.9282753037238,117.44982147216797,150712000
2020-10-15,115.05605956259335,117.45951755795052,114.50365122226292,116.9846420288086,112559200
2020-10-16,117.53703239008934,117.79870373934006,115.14326081684207,115.3467788696289,115393800
2020-10-19,116.25778429784908,116.70358685493457,112.09049566738797,112.40061950683594,120639300
2020-10-20,112.613816705773,115.30802617540574,112.06140841970505,113.88339233398438,124423700
2020-10-21,113.06930582021845,115.04634782768703,112.85609432030498,113.26313781738281,89946000
2020-10-22,113.82523521136082,114.39703037608496,111.05350042518317,112.17770385742188,101988000
2020-10-23,112.79795098039979,112.95301658165369,110.75306957595657,111.48961639404297,82572600
2020-10-26,110.49141665682858,112.95302786819327,109.39628607186555,111.49932098388672,111850700
2020-10-27,111.92572886201872,113.66048651064561,111.0050508568626,113.00147247314453,92276800
2020-10-28,111.49930623671789,111.86757593688382,107.67120751132958,107.76811981201172,143937800
2020-10-29,108.90202494425338,113.32129125851726,108.73726588721904,111.76097869873047,146129200
2020-10-30,107.63242799486639,108.53372632984272,104.39551170417884,105.50032806396484,190272600
2020-11-02,105.74262715568275,107.26417322328109,104.00786958662283,105.41311645507812,122866900
2020-11-03,106.27566693473848,108.04918369356872,105.3743683811965,107.0315933227539,107624400
2020-11-04,110.61739025769825,112.02263714006965,108.88263267145909,111.40238952636719,138235500
2020-11-05,114.3097976289083,115.92826333290571,113.26313445106743,115.3564682006836,126387100
2020-11-06,114.86623100789144,115.72054108275734,112.74015488389513,115.22543334960938,114457900
2020-11-09,116.98256825674697,118.42907262853805,112.66246807633155,112.9245834350586,154515300
2020-11-10,112.1770700305599,114.15751541071181,110.79851455087879,112.58480834960938,138023400
2020-11-11,113.76920185962483,116.13797271482636,113.0410945158488,116.00205993652344,112295000
2020-11-12,116.1282678012146,117.011700843839,115.10891457611105,115.73023223876953,103162300
2020-11-13,115.95352413531403,116.17680624012897,114.42935305539847,115.77877807617188,81581900
2020-11-16,115.44871445344523,117.45829070105812,114.70119407046309,116.78843688964844,91183000
2020-11-17,116.06031664652185,117.14761890185565,115.48753500270898,115.90498352050781,74271000
2020-11-18,115.14775777417243,116.32243681277677,114.55556316864666,114.58468627929688,76322100
2020-11-19,114.15753414064645,115.58462589815453,113.40030359340344,115.17688751220703,74113000
2020-11-20,115.17689664821668,115.30309928053715,113.8663046427462,113.91484069824219,73604300
2020-11-23,113.75949369240169,114.1866523784184,110.42961575192224,110.52669525146484,127959300
2020-11-24,110.58493635731566,112.46830213663921,109.30346044434035,111.80815124511719,113874200
2020-11-25,112.17705902961947,113.3420276574267,111.80814661901826,112.6430435180664,76499200
2020-11-27,113.16728597859581,114.060429121406,112.8275040662974,113.18669891357422,46691300
2020-11-30,113.5556118121855,117.43885061280498,113.40027870494941,115.57489776611328,169410200
2020-12-01,117.47770289816154,119.86589425816237,116.50689304092421,119.13778686523438,127728200
2020-12-02,118.45820316266558,119.76880225855713,117.36119080484525,119.48726654052734,89004200
2020-12-03,119.91445121018987,120.1668638909451,118.64269244566049,119.35138702392578,78967600
2020-12-04,119.02127760834182,119.27369022514605,117.97280126779268,118.6814956665039,78260400
2020-12-07,118.73974211450027,120.93377429658472,118.68149589769769,120.13771057128906,86712000
2020-12-08,120.7396105898644,121.3318051265446,119.49696789528441,120.74931335449219,82225500
2020-12-09,120.89494675486756,122.27349493369557,117.46798924542293,118.2252197265625,115089200
2020-12-10,116.98256924136862,120.25420060772244,116.64278732656992,119.64258575439453,81312200
2020-12-11,118.85623544540636,119.17660443365664,117.03111582087004,118.83682250976562,86939800
2020-12-14,119.021283489644,119.74939086099992,117.99222744160214,118.2252197265625,79184500
2020-12-15,120.71048072938689,124.16656847506606,120.50661157074111,124.14714813232422,157243700
2020-12-16,123.69086753088224,124.62283654813265,122.8656733598718,124.07918548583984,98208600
2020-12-17,125.13737340779682,125.79753175425047,124.30247641319399,124.9432144165039,94359800
2020-12-18,125.19564174778804,125.33155453096758,122.43853798895042,122.96277618408203,192541500
2020-12-21,121.37062498122869,124.56458977108868,119.84645405419545,124.48692321777344,121251600
2020-12-22,127.76828795319533,130.48655855974283,125.86549408459715,128.03041076660156,168904800
2020-12-23,128.3022446559515,128.5643526729512,126.96252220441696,127.13727569580078,88223700
2020-12-24,127.48673172125208,129.56426380208862,127.2731524108818,128.1177520751953,54930100
2020-12-28,130.07882834872916,133.33103273857998,129.61282891491868,132.70001220703125,124486200
2020-12-29,134.02028815847115,134.7386778886634,130.41857748936,130.93310546875,121047300
2020-12-30,131.62238763508645,132.02042318765425,129.50601467789232,129.81668090820312,96452100
2020-12-31,130.16619767612093,130.80693578751612,127.87508564026446,128.8167724609375,99116600
2021-01-04,129.62254430627095,129.70991364361626,123.05986719141745,125.63251495361328,143301900
2021-01-05,125.12767140195429,127.89448518815179,124.68109238722828,127.18578338623047,97664900
2021-01-06,123.99182776037331,127.22462614380248,122.69093878823239,122.9045181274414,155088000
2021-01-07,124.61317087407357,127.78772368823323,124.12776587920938,127.09844207763672,109578200
2021-01-08,128.56433221406948,128.75850602101508,126.42855365810287,128.1954345703125,105158200
2021-01-11,125.41890340367594,126.37029273075628,124.74904236248368,125.21502685546875,100384500
2021-01-12,124.74903735169032,125.9043031805743,123.156910152344,125.040283203125,91951100
2021-01-13,125.00146811666775,127.61294892404966,124.73936012875102,127.06929779052734,88636800
2021-01-14,126.98192465387714,127.17608365097323,125.00146436870398,125.1470947265625,90221800
2021-01-15,125.02089191255358,126.41886047356746,123.29285155612885,123.42876434326172,111598500
2021-01-19,124.05008172781939,124.9529425933155,123.23460500719132,124.09862518310547,90757300
2021-01-20,124.90438601399495,128.6225891348087,124.79759634893936,128.17601013183594,104319500
2021-01-21,129.89434712123654,135.59299559628155,129.6904705564632,132.87472534179688,120150900
2021-01-22,132.30197582810843,135.7677743821565,131.07876065141238,135.0105438232422,114459400
2021-01-25,138.89375351472623,140.85477848015867,132.55435242559187,138.7481231689453,157611700
2021-01-26,139.40831414179996,140.087878141181,137.24339729703607,138.9811553955078,98390600
2021-01-27,139.24327402981456,140.08788882014454,136.31143843564914,137.91326904296875,140843800
2021-01-28,135.44736243489726,137.84526338322206,132.709672193958,133.08828735351562,142621100
2021-01-29,131.86509178375854,132.7485322226158,126.40914566020653,128.10806274414062,177523800
2021-02-01,129.84576539594647,131.428189557501,127.10807560577557,130.22438049316406,106239800
2021-02-02,131.76799601841705,132.33106742025004,130.6806938981219,131.0496063232422,83305400
2021-02-03,131.7971241921303,131.80684177003687,129.70988918879502,130.03025817871094,89880900
2021-02-04,132.3213832150557,133.38926514344305,130.66129188255576,133.3795623779297,84183100
2021-02-05,133.53996875011137,133.60801926205087,132.09129544721642,132.96632385253906,75693800
2021-02-08,132.25660382908822,133.1608138714623,131.1773940055882,133.11219787597656,71297200
2021-02-09,132.83023162868662,134.05528941674183,132.0816016865625,132.23715209960938,76774200
2021-02-10,132.69406791861775,133.18993011525868,130.67176492271335,131.63430786132812,73046600
2021-02-11,132.13019115518452,132.6066041234454,130.05928645451803,131.38156127929688,64280000
2021-02-12,130.62321880046613,131.7704791984505,129.98152323777,131.6149139404297,60145100
2021-02-16,131.7315941955358,132.23715902657875,129.1064787039169,129.49539184570312,80576300
2021-02-17,127.6091940358472,128.55228793289643,125.87857148643107,127.21056365966797,97918500
2021-02-18,125.6160304420086,126.3938416655148,123.87569099593317,126.11189270019531,96856700
2021-02-19,126.62721780066286,127.08418144033098,125.22716025236211,126.26747131347656,87668800
2021-02-22,124.4590755242555,126.12164769737448,122.1159313080217,122.50483703613281,103916400
2021-02-23,120.32696770808406,123.19513336260104,115.10592588579131,122.36871337890625,158273000
2021-02-24,121.47424078389619,122.07703760379697,118.83941546871539,121.87286376953125,111039900
2021-02-25,121.2214560613868,122.95207880188819,117.19629763278513,117.6338119506836,148199500
2021-02-26,119.18940971098537,121.38672049171518,117.83796822554648,117.89630889892578,164560400
2021-03-01,120.31722988203185,124.38127883253527,119.38386074641136,124.24516296386719,116307900
2021-03-02,124.84797657824923,125.14937496490815,121.54228933610958,121.64923858642578,102260900
2021-03-03,121.34784230356715,122.22287832128721,118.46022715397075,118.67412567138672,112966300
2021-03-04,118.37270244109511,120.17138267841435,115.32953009185248,116.79763793945312,178155000
2021-03-05,117.62408266255089,118.55745188502343,114.30867068121566,118.05187225341797,153766600
2021-03-08,117.57547079483327,117.6435287378886,112.98639972664601,113.13224029541016,154376600
2021-03-09,115.72818634833145,118.67413499120984,115.49484586453441,117.73104095458984,129525800
2021-03-10,118.31440509060741,118.78108606530098,116.13653581616963,116.65184020996094,111943300
2021-03-11,119.14080190524842,119.79221465640565,117.89630965893046,118.57688903808594,103026500
2021-03-12,117.06016228897577,117.80879958845243,115.85456138090896,117.67268371582031,88105100
2021-03-15,118.04214884674406,120.56029993815383,117.07960562741921,120.55057525634766,92403800
2021-03-16,122.21314504308985,123.69098519524891,121.26033388239702,122.08675384521484,115227900
2021-03-17,120.60892835870807,122.368717641283,118.94635623317845,121.29923248291016,111932600
2021-03-18,119.47137236768086,119.7630534964986,116.98238776140393,117.18656158447266,121229700
2021-03-19,116.57402203720062,118.0615792444134,116.36012356493978,116.6615219116211,185549500
2021-03-22,116.99211676480378,120.43392009028169,116.92405882126718,119.96723175048828,111912300
2021-03-23,119.90887946918929,120.79363259482143,118.75188719483505,119.14079284667969,95467100
2021-03-24,119.41304074611715,119.49082337056949,116.73932422708299,116.7587661743164,88530500
2021-03-25,116.22402681020739,118.28522184257633,115.69900522410137,117.2448959350586,98844700
2021-03-26,117.01154219770642,118.11020123971099,115.6212094750368,117.84768676757812,94071200
2021-03-29,118.275494892758,119.17969748186921,117.381016985914,118.022705078125,80819200
2021-03-30,116.7782247452838,117.06018121783144,115.56289895900598,116.57405090332031,85671900
2021-03-31,118.27548932601961,120.09361168317854,117.78935908416811,118.7616195678711,118323800
2021-04-01,120.22973871260609,120.7353109160336,119.09218827381586,119.58804321289062,75089100
2021-04-05,120.43389773016308,122.66037492357067,119.65608644750468,122.40758514404297,88651200
2021-04-06,122.99095607539735,123.60347753407522,122.16453611496429,122.70899963378906,80171300
2021-04-07,122.33954050731289,124.37156139198876,121.66867838856395,124.35211944580078,83466700
2021-04-08,125.3729903400282,126.77304785417073,124.95492543996741,126.74388122558594,88844600
2021-04-09,126.19942288071834,129.34953758105655,125.87857511762488,129.31065368652344,106686700
2021-04-12,128.8439951014523,129.16484292014434,127.00642292932238,127.59950256347656,91420000
2021-04-13,128.7661695536294,130.9245888251844,128.2703072556539,130.70095825195312,91266500
2021-04-14,131.19683535032675,131.25516860713591,128.00782207026887,128.3675537109375,87222800
2021-04-15,130.10789773924117,131.2551579244961,129.93288314753977,130.76902770996094,89347100
2021-04-16,130.57462299301338,130.93435472673042,129.58291286418694,130.43850708007812,84922400
2021-04-19,129.80651616783663,131.71215360069297,129.6412336348906,131.09962463378906,94264200
2021-04-20,131.27462375202614,131.7704712922572,128.15366085563892,129.4176025390625,94812300
2021-04-21,128.6884221419856,130.0398638721709,127.65782821133615,129.7967987060547,68847100
2021-04-22,129.34952213608938,130.42873181562496,127.7647477103965,128.28004455566406,84566500
2021-04-23,128.49398366411955,131.37186716242175,128.49398366411955,130.5940704345703,78657500
2021-04-26,131.08985938377566,131.31347510114207,129.85508463607295,130.98291015625,66905100
2021-04-27,131.26489090705445,131.65380402656527,130.38986235031265,130.66209411621094,66015800
2021-04-28,130.5842881537486,131.27459954530588,129.3884120504617,129.87454223632812,107760100
2021-04-29,132.68437715116124,133.26773932174638,128.77588621347985,129.77731323242188,151101000
2021-04-30,128.124508335276,129.85513111982132,127.43421157592877,127.81339263916016,109839500
2021-05-03,128.3772578570978,130.35096013574108,128.17309147912826,128.86338806152344,75135100
2021-05-04,127.55086673903944,127.84254787757098,123.18541143255057,124.30351257324219,137564700
2021-05-05,125.61602433528866,126.83134967683657,124.42014835314956,124.54654693603516,84000900
2021-05-06,124.34239490228468,126.15080002789722,123.60347484441658,126.14108276367188,78128300
2021-05-07,127.43635987844797,127.83565240633816,126.10209066051581,126.81305694580078,78973300
2021-05-10,126.03392971198666,126.16052814080854,123.50175308554266,123.54071044921875,88071200
2021-05-11,120.2781429577982,122.97587617421408,119.5671838636692,122.62527465820312,126142800
2021-05-12,120.18075382257017,121.38840273799539,119.06075342898632,119.56718444824219,112172300
2021-05-13,121.32996037075966,122.85900193405529,121.01830882379365,121.70978546142578,105861300
2021-05-14,122.95639247198734,124.55360758966998,122.5668261780835,124.12508392333984,81918000
2021-05-17,123.5114921609112,123.61862305158954,121.90453623109345,122.97583770751953,74244600
2021-05-18,123.25828391420353,123.67706631560182,121.52472197411315,121.5928955078125,63342900
2021-05-19,119.94700386173781,121.66108360866002,119.65482729355216,121.43708801269531,92612000
2021-05-20,121.96299261493283,124.3880312073582,121.83637931031465,123.98872375488281,76857100
2021-05-21,124.48543261389995,124.66073707262268,121.94352167759979,122.15778350830078,79295400
2021-05-24,122.72264972174192,124.60230012567476,122.65447618088876,123.78421020507812,63092900
2021-05-25,124.48541363170318,124.97237699199731,123.02454584189425,123.58941650390625,72009500
2021-05-26,123.64784134173864,124.06662371330985,123.12192807764754,123.54071044921875,56575900
2021-05-27,123.1414373640431,124.3101288080937,121.81691643126096,122.0116958618164,94625600
2021-05-28,122.29411590101695,122.51811890538758,121.30072904118603,121.35916137695312,71311100
2021-06-01,121.8169133247897,122.07986629236983,120.70665425214682,121.03778076171875,67637100
2021-06-02,121.0377893589411,121.97274404282008,120.81379374664016,121.79743957519531,59278900
2021-06-03,121.42735201359653,121.59291527515944,119.91778539724056,120.31709289550781,76229200
2021-06-04,120.83324696740925,122.86872666566839,120.61898516439692,122.60576629638672,75169300
2021-06-07,122.878461975424,123.02455024570587,121.57342360305104,122.61550903320312,71057600
2021-06-08,123.29723143470028,125.10871539339324,122.91740643008383,123.43357849121094,74403800
2021-06-09,123.89132262739905,124.41723590564901,123.21932108902007,123.81340789794922,56877900
2021-06-10,123.70629386140669,124.84577650141729,122.65447459192099,122.82003784179688,71186400
2021-06-11,123.2290871401218,124.11535064804697,122.81030467281765,124.02769470214844,53522400
2021-06-14,124.48541752266156,127.13445162281361,123.75498360492641,127.07601928710938,96906500
2021-06-15,126.55013404538738,127.19291956440452,126.01447944620644,126.2579574584961,62746300
2021-06-16,126.96890049704093,127.47533888931655,125.10873990323489,126.754638671875,91815000
2021-06-17,126.41380715783899,129.09206572109522,126.26771141068338,128.3518829345703,96721700
2021-06-18,127.30007290380283,128.07919079176992,126.84233297122552,127.05659484863281,108953300
2021-06-21,126.90073257983343,128.95568742961305,125.8391720998025,128.8485565185547,79663300
2021-06-22,128.68298261560656,130.5821078265205,128.18627804148716,130.48471069335938,74783600
2021-06-23,130.2802171084206,130.815871699919,129.75429628741554,130.2120361328125,60214200
2021-06-24,130.94244245203893,131.12748807728477,129.46209231078763,129.92958068847656,68711000
2021-06-25,129.97831108103458,130.3970861369589,129.34525932066123,129.63743591308594,70783700
2021-06-28,129.9295701209538,131.72156417420152,129.8711377936739,131.26382446289062,62111300
2021-06-29,131.28332301060522,132.9292364481491,130.84506564137368,132.77340698242188,64556100
2021-06-30,132.6176097807272,133.8252661428457,132.32543317658508,133.3870086669922,63261400
2021-07-01,133.03636937045857,133.74732088516166,132.21827209331306,133.6888885498047,52485800
2021-07-02,134.30241475847603,136.34763523122962,134.1563339507277,136.30868530273438,78852600
2021-07-06,136.4158466947496,139.41548226335163,136.4158466947496,138.31497192382812,108181800
2021-07-07,139.79528860384676,141.11007543459237,138.9382563535141,140.79843139648438,104911600
2021-07-08,137.88644602005195,140.3017433261173,137.00018264096806,139.50314331054688,105575500
2021-07-09,139.02592340594762,141.8502619651795,138.92852627188464,141.32435607910156,99890800
2021-07-12,142.39566628334748,142.5027971874123,140.24331443285035,140.7302703857422,76299700
2021-07-13,140.27250144114674,143.61302631112486,139.88294270410174,141.8404998779297,100827100
2021-07-14,144.23634613048517,145.6679976912108,143.827290089665,145.25894165039062,127050800
2021-07-15,145.3466279214185,146.08679566961968,143.25270826705687,144.6064453125,106820300
2021-07-16,144.5869580069263,145.85303150774294,142.07426368162248,142.57095336914062,93251400
2021-07-19,139.99988404605466,140.3115430949904,137.9741448101365,138.73379516601562,121434600
2021-07-20,139.71743864780393,143.26247815428886,139.23048258998614,142.33724975585938,96350000
2021-07-21,141.7334095777614,142.31776271135624,140.85689473808662,141.60679626464844,74993500
2021-07-22,142.13271101540525,144.33374665171397,142.00609770767423,142.97027587890625,77338200
2021-07-23,143.7007109713398,144.84018616778306,143.0871416883638,144.68435668945312,71447400
2021-07-26,144.40193160847764,145.92123190033908,143.84679465375743,145.1031494140625,72434100
2021-07-27,145.22973937162135,145.3174027377309,141.7528815779119,142.94105529785156,104818600
2021-07-28,141.0321906538661,143.13584408542147,138.82140631068384,141.19775390625,118931200
2021-07-29,140.9152867319129,142.72676309452726,140.80815585011854,141.8404998779297,56699500
2021-07-30,140.61342392407167,142.51254941417247,140.35046351445212,142.0548095703125,70440600
2021-08-02,142.5417764502479,143.11638102630255,141.46073341799487,141.72369384765625,62880000
2021-08-03,142.0061193250026,144.17793912255732,141.39254995347815,143.51568603515625,64786600
2021-08-04,143.42799191035715,143.93441533592062,142.46381389891334,143.1163330078125,56368300
2021-08-05,143.14558074057953,143.98314564998552,142.35671440302508,143.22349548339844,46397700
2021-08-06,142.74559073997008,143.48686754429556,142.04332223777357,142.54075622558594,54126800
2021-08-09,142.59926530339968,143.0869508994325,141.936020036627,142.49197387695312,48908700
2021-08-10,142.83336158468475,144.0720871817776,141.7214390067462,142.01405334472656,69023100
2021-08-11,142.45296206335397,143.10645895995768,141.94576488875748,142.26763916015625,48493500
2021-08-12,142.58952310526286,145.37908543032157,142.24813722010816,145.2230224609375,72282600
2021-08-13,145.30102293180235,145.7594485046543,144.61826619020815,145.42782592773438,59375000
2021-08-16,144.88165713815187,147.46640020534528,142.86264613601338,147.3981170654297,103296000
2021-08-17,146.53000561245062,147.94429082183916,145.4180830822368,146.49099731445312,92229700
2021-08-18,146.1106045300614,147.00794422226895,142.55049082276733,142.7553253173828,86326000
2021-08-19,141.45807654722455,144.35493005036025,140.94113102889904,143.08694458007812,86960300
2021-08-20,143.80875468826986,144.84264594132074,143.16500602328074,144.540283203125,60549600
2021-08-23,144.65731367112883,146.49101645929602,144.24765951519495,146.02284240722656,60131800
2021-08-24,145.76918628216262,147.1444629009486,145.47657201899844,145.93499755859375,48606400
2021-08-25,146.12035519130814,146.61780402195117,144.15986446266652,144.70606994628906,58991300
2021-08-26,144.6963131171606,145.44733817166107,143.87699005673284,143.90625,48597200
2021-08-27,143.84775953717897,145.0864852931361,143.213774126067,144.940185546875,55802400
2021-08-30,145.33030665463397,149.70972863585897,144.94991248756867,149.3488311767578,90956700
2021-08-31,148.90012052078816,149.0366718472091,147.56385230904914,148.09056091308594,86453100
2021-09-01,149.06597111930256,151.1630130890743,148.58803390921838,148.75384521484375,80313700
2021-09-02,150.08036655286702,150.9094380524186,148.64656965264444,149.86578369140625,71115500
2021-09-03,149.9730471583683,150.82163009154993,149.31955034140017,150.499755859375,57808700
2021-09-07,151.1532776856572,153.3868712092461,150.58756059759483,152.83091735839844,82278300
2021-09-08,153.11376479693286,153.1722846868866,150.1876512353804,151.28982543945312,74420200
2021-09-09,151.66044621375175,152.26517148741016,150.15836649901337,150.27542114257812,57305700
2021-09-10,151.18247983334456,151.65065366817532,145.03764057965176,145.30099487304688,140893200
2021-09-13,146.92016289482572,147.6906995642944,145.08646034770857,145.86676025390625,102404300
2021-09-14,146.64708895618836,147.34935752136766,143.29180911877296,144.4720001220703,109296300
2021-09-15,144.9011324843855,145.75946384011283,142.76506733146184,145.35955810546875,83281300
2021-09-16,144.78411725815147,145.30106285331667,143.59416308886955,145.12548828125,68034100
2021-09-17,145.15471031932145,145.15471031932145,142.17006274358968,142.46267700195312,129868800
2021-09-20,140.2583754550107,141.27275491051466,137.79068761664803,139.4195556640625,123478900
2021-09-21,140.38514645685206,141.03865814980705,139.2634757155347,139.8974609375,75834000
2021-09-22,140.89231491130772,142.82354500795793,140.1607867810486,142.25784301757812,76404300
2021-09-23,143.03818581433492,143.45760318499043,142.05306622379317,143.21376037597656,64838200
2021-09-24,142.07256662788618,143.83798604484667,141.97502355876833,143.30152893066406,53477900
2021-09-27,141.88727697869655,142.36521431660975,140.27792014196672,141.78973388671875,74150700
2021-09-28,139.72189529724798,141.18495179250712,138.20031892345534,138.41490173339844,108972300
2021-09-29,138.96112166840754,140.89235227723765,138.53195600356045,139.312255859375,74602000
2021-09-30,140.12183534910463,140.82410382973063,137.80044704464729,138.01502990722656,89056700
2021-10-01,138.40515987182454,139.40004260947205,135.68388091891475,139.13668823242188,94639600
2021-10-04,138.26860229461653,138.7075311976416,134.86456666800945,135.713134765625,98322000
2021-10-05,136.0545317412187,138.73680249578317,135.92772872481194,137.63462829589844,80861100
2021-10-06,136.035013031244,138.64900052233625,134.96209883237336,138.50270080566406,83221100
2021-10-07,139.53660933038944,140.66804355787346,139.2049866756737,139.7609405517578,61732700
2021-10-08,140.48269778280476,140.62899749402928,139.04890108087716,139.38052368164062,58773200
2021-10-11,138.76606124094116,141.2434974770439,138.31738395190774,139.29275512695312,64452200
2021-10-12,139.70238912610083,139.72190071402855,137.56632417893402,138.02474975585938,73035900
2021-10-13,137.7614036307742,137.91745167770748,135.7716384818284,137.4395294189453,78762700
2021-10-14,138.61000380183043,140.33641501765865,138.02477512030043,140.2193603515625,69907100
2021-10-15,140.22911148485912,141.3312707409973,139.97550546602724,141.2727508544922,67940300
2021-10-18,139.91698682828363,143.22349439217342,139.63413574665708,142.94064331054688,85589200
2021-10-19,143.38930715549284,145.49611240776287,142.94064476173952,145.09620666503906,76378900
2021-10-20,145.03770255984122,146.0618453536086,144.4719854463032,145.5839080810547,58418800
2021-10-21,145.14498028007083,145.95454013073487,144.2281290062348,145.79847717285156,61421000
2021-10-22,146.00326390967163,146.48118609776577,144.9791215476474,145.02789306640625,58883400
2021-10-25,145.0181495258691,145.69115788039105,143.98425867288518,144.97914123535156,50720600
2021-10-26,145.65218915043056,147.1249943659197,145.34006320959406,145.64244079589844,60893400
2021-10-27,145.68140905786274,146.04229155515878,144.8328410742834,145.18397521972656,56094900
2021-10-28,146.1300923838208,149.39757634919977,146.0325493292803,148.81236267089844,100077900
2021-10-29,143.59413644564216,146.2471470636249,142.804088225394,146.110595703125,124953200
2021-11-01,145.32053496464482,146.0130400607468,144.15984105888933,145.29127502441406,74588300
2021-11-02,144.99864449006242,147.8369774382172,144.98888125575905,146.3251495361328,69122000
2021-11-03,146.68605801297326,148.22714612515688,146.1301042293714,147.75897216796875,54511500
2021-11-04,147.84674493928904,148.67580139860405,146.92989377476803,147.2420196533203,60394600
2021-11-05,148.36534609443586,148.66815006608644,146.57781000839395,147.76950073242188,65463900
2021-11-08,147.8964665160418,148.0527572213007,146.67547332752292,146.948974609375,55020900
2021-11-09,146.7145945638109,147.91604814668477,146.57784387067653,147.31044006347656,56787900
2021-11-10,146.53874739869644,146.64619541359409,144.41910465453822,144.4874725341797,65187100
2021-11-11,145.50331597045192,145.96239567531134,144.25300529217714,144.4385986328125,41000000
2021-11-12,144.9856782099072,146.90996559892486,144.05772591835725,146.50949096679688,63804000
2021-11-15,146.88062009926887,148.35558969382197,145.96243066007273,146.5192108154297,59222800
2021-11-16,146.46058703081326,147.97462166575806,145.87450429964008,147.49598693847656,59256200
2021-11-17,147.4960135184774,151.40319268452978,147.48625093625634,149.92823791503906,88807000
2021-11-18,150.14308917571017,154.9879815498081,149.49840122848465,154.20654296875,137827700
2021-11-19,153.99168810581827,157.2834965855034,152.897682743032,156.82440185546875,117305600
2021-11-22,157.92813559947206,161.85485386154411,157.26392246010866,157.28346252441406,117467900
2021-11-23,157.3811499145866,158.04537802988585,155.36895531169498,157.6644287109375,96041900
2021-11-24,157.0197711747025,158.37751541168896,155.9355283016625,158.18215942382812,69463600
2021-11-26,155.8671359816053,156.72670517440085,152.7316184657377,153.17117309570312,76959800
2021-11-29,155.67173929364688,157.4495124904144,155.1051966783485,156.5215606689453,88748200
2021-11-30,156.27736517799391,161.67903783874624,156.20898240534294,161.46414184570312,174048100
2021-12-01,163.59356203535145,166.34813007275002,160.71202083002768,160.9464569091797,152052500
2021-12-02,155.0563862894109,160.38967666927002,154.13819694441963,159.9598846435547,136739200
2021-12-03,160.21386222018816,161.13205157338396,156.01364225594332,158.08444213867188,118023100
2021-12-06,160.47756105335333,163.98426461858526,160.46779847409405,161.48367309570312,107497000
2021-12-07,165.15642772326544,167.59841414884357,164.43359437560147,167.2076873779297,120405400
2021-12-08,168.13567063026588,171.87679598965886,166.7388465074218,171.0172119140625,116998900
2021-12-09,170.85114615502485,172.64844463234323,169.8841141404718,170.50926208496094,108923700
2021-12-10,171.14416754190958,175.46159735855395,170.6362302385688,175.2857666015625,115402700
2021-12-13,176.91700933892764,177.90358129097453,171.45673183795216,171.661865234375,153237000
2021-12-14,171.18328686899508,173.61551126067369,168.21383726682737,170.28463745117188,139380400
2021-12-15,171.04652519555987,175.33465344975855,168.31149697974806,175.13929748535156,131063300
2021-12-16,175.1196889760687,176.9365270539239,166.78763440574474,168.26258850097656,150185800
2021-12-17,165.98672717242667,169.44458898529163,165.75230596796482,167.1686553955078,195432700
2021-12-20,164.375008447403,166.62163920449956,163.5740445559153,165.81089782714844,107499100
2021-12-21,167.57886880713295,169.1808112556796,165.19548774606798,168.97569274902344,91185900
2021-12-22,169.02455200604697,171.7791202742142,168.15520530032774,171.56422424316406,92135300
2021-12-23,171.76934702247985,172.74614168304623,171.2028043307869,172.18936157226562,68356600
2021-12-27,172.9805656257053,176.2332936859138,172.96104046356876,176.1453857421875,74919600
2021-12-28,175.97930746687297,177.12215528727302,174.38712760111903,175.12948608398438,79144300
2021-12-29,175.16856451921535,176.43840038673264,174.0061766459811,175.2174072265625,62348900
2021-12-30,175.30530672394408,176.37978661508689,173.95732557045602,174.0647735595703,59773000
2021-12-31,173.9573701608435,175.07091555859822,173.14662874511,173.44944763183594,64062300
2022-01-03,173.70339765267045,178.6362137085352,173.58618706197944,177.78639221191406,104487900
2022-01-04,178.3919838905217,178.6947878000668,174.96342566446933,175.52996826171875,99310400
2022-01-05,175.44210103848545,175.9891036993743,170.58743006603996,170.86093139648438,94537600
2022-01-06,168.69243553501073,171.23210762394186,167.65703557565845,168.00868225097656,96904000
2022-01-07,168.8780523594411,170.09904585932276,167.06121343542898,168.1747589111328,86709100
2022-01-10,165.1564129469489,168.4970482896935,164.26752639043735,168.19424438476562,106765600
2022-01-11,168.32126400156088,171.1148824378415,166.85607200254188,171.0172119140625,76138300
2022-01-12,172.0330618342014,173.06846173538992,170.7632407657719,171.45675659179688,74805200
2022-01-13,171.7009330010287,172.52143678948505,167.80351764880953,168.19424438476562,84505800
2022-01-14,167.36399798657283,169.74737940608347,167.11979931497876,169.05386352539062,80440800
2022-01-18,167.53006719532837,168.5361646254104,165.4788071020713,165.85975646972656,90956700
2022-01-19,166.0550783276264,167.11001826086033,162.08929472408371,162.37255859375,94815000
2022-01-20,163.1051891966637,165.74253213798244,160.37016081486053,160.6925048828125,91420500
2022-01-21,160.60458738914824,162.4702688967568,158.53378733529433,158.6412353515625,122848900
2022-01-24,156.30669005524535,158.53378075020058,151.11013516388041,157.8695526123047,162294600
2022-01-25,155.29082683573563,158.98310983768695,153.3763174519784,156.072265625,115798400
2022-01-26,159.70591419723806,160.575260779249,154.15772812433738,155.9843292236328,108275300
2022-01-27,158.68028043462846,160.03802433796415,154.60704872462142,155.52523803710938,121954600
2022-01-28,161.8646992407957,166.39702725511873,159.0222223325045,166.3774871826172,179935700
2022-01-31,166.21138037947398,170.93906288440527,165.576454917367,170.7241668701172,115541600
2022-02-01,169.97202274767105,170.78276405312576,168.31147491088436,170.55810546875,86213900
2022-02-02,170.69486467196293,171.79864739328102,169.30781806090394,171.7595672607422,84914300
2022-02-03,170.43112418107953,172.15029228212393,168.12588824034546,168.88778686523438,89418100
2022-02-04,167.9097269846018,170.27659447810953,166.9316879925936,168.60414123535156,82465400
2022-02-07,169.0638417050099,170.12990075671365,167.19578341710826,167.89019775390625,77251200
2022-02-08,167.9586430232075,171.49915455646115,167.6652283214683,170.99057006835938,74829200
2022-02-09,172.18379236064646,172.77060688626915,171.05903840340724,172.4087371826172,71285000
2022-02-10,170.31571564595043,171.62628436106874,167.78259814649985,168.34007263183594,90865900
2022-02-11,168.54547473503922,169.27900403758753,164.34967876719554,164.93650817871094,98670700
2022-02-14,163.69440078491326,165.85587378073802,162.90219149496014,165.17124938964844,86185500
2022-02-15,167.21536820889426,169.15188170406051,166.51117876998032,168.99539184570312,62527400
2022-02-16,168.07604144255788,169.5333102903167,166.31556790878483,168.7606658935547,61177400
2022-02-17,167.274027503072,168.13470669398032,164.77024977354867,165.17124938964844,69589300
2022-02-18,166.0906242687398,166.79479876362558,162.54033719370844,163.62596130371094,82772700
2022-02-22,161.35690506054718,163.02935867994262,158.58905229899906,160.71141052246094,91162800
2022-02-23,161.90457789540673,162.5011823133144,156.24173835796486,156.55471801757812,90009200
2022-02-24,149.22923948055748,159.27370735740539,148.66197489078866,159.16612243652344,141147500
2022-02-25,160.24195287546036,161.4938419663862,157.33717500506495,161.2297821044922,91974200
2022-02-28,159.47907699118204,161.7872502076219,158.8629074909049,161.49383544921875,95056600
2022-03-01,161.08302534266187,162.94130845487337,158.4129829679633,159.615966796875,83474400
2022-03-02,160.77990833219215,163.68468676022354,159.37152910360746,162.90225219726562,79724800
2022-03-03,164.77025023720336,165.20058983386846,161.91437782369874,162.57943725585938,76678400
2022-03-04,160.87765818976635,161.91437725608384,158.54014531943216,159.58663940429688,83737200
2022-03-07,159.7724878532729,161.39603654297554,155.5473512521712,155.80165100097656,96418800
2022-03-08,155.33216629168248,159.30300237550088,152.37848423515257,153.9824676513672,131148300
2022-03-09,157.9337716080875,159.82139509337992,155.90923815043413,159.37149047851562,91454900
2022-03-10,156.68182495499752,156.86765472923312,152.55449970426292,155.03872680664062,105342000
2022-03-11,155.4397780469511,155.7820977698025,151.1070711319146,151.33201599121094,96970100
2022-03-14,148.12403016599976,150.7353929741164,146.8036862331013,147.312255859375,108732100
2022-03-15,147.58609577139651,152.1535515492418,147.0775261791108,151.68408203125,92964300
2022-03-16,153.6010832427781,156.48629634693546,151.06796490234913,156.08529663085938,102300200
2022-03-17,155.12679794973494,157.46431103838808,154.16832371335292,157.0926513671875,75615400
2022-03-18,156.98503345512586,160.86784945274542,156.25150421008976,160.3788299560547,123511700
2022-03-21,159.91913450898883,162.69677631557283,159.43011506099936,161.74807739257812,95811400
2022-03-22,161.8752272476192,165.69936326568208,161.28841281006214,165.112548828125,81532000
2022-03-23,164.3008129085659,168.8486892835288,163.9682682338466,166.47206115722656,98062700
2022-03-24,167.30337650948087,170.31573891650316,166.4720521767643,170.24728393554688,90131400
2022-03-25,170.06146151483682,171.43071043053845,168.95627243907444,170.8830108642578,80546200
2022-03-28,168.38898581373743,171.87080253422522,168.22272096176943,171.74366760253906,90371900
2022-03-29,172.80975399507543,175.07879724912362,172.46743429498167,175.0299072265625,100589400
2022-03-30,174.628881866762,175.66560091058673,172.8195035873902,173.8660125732422,92633200
2022-03-31,173.93448350287292,174.1203133341303,170.5700263491638,170.77542114257812,103049300
2022-04-01,170.20819057523445,171.0395300102291,168.16409187112328,170.48204040527344,78751300
2022-04-04,170.7362946873885,174.5702062097959,170.60914482743888,174.52130126953125,76468400
2022-04-05,173.60196376939686,174.38439814013864,170.58960114244232,171.21554565429688,73401800
2022-04-06,168.57481703992445,169.81693085468368,166.39379406221198,168.05645751953125,89058800
2022-04-07,167.4011755212215,169.55285855113002,166.11994669119974,168.35964965820312,77594700
2022-04-08,168.00756384278074,168.00756384278074,165.48422104719532,166.35467529296875,76575500
2022-04-11,165.00500326610816,165.31796805598518,161.8654908055094,162.11000061035156,72246700
2022-04-12,164.3301525745867,166.13951616252308,162.98045368647982,163.97805786132812,79265200
2022-04-13,163.7139749230824,167.28381189911025,163.10759541750994,166.65786743164062,70618900
2022-04-14,166.87304601950618,167.50878046321276,161.4155854111937,161.66009521484375,75329400
2022-04-18,160.32017704396847,162.94132974863555,159.977872292766,161.44493103027344,69023900
2022-04-19,161.39604679422817,164.1345597736567,160.31042259224273,163.72377014160156,67723800
2022-04-20,165.0539247315743,165.17129960837096,162.4523512544508,163.55752563476562,67929800
2022-04-21,165.200581424204,167.7630389892028,162.26646424033356,162.7652587890625,87227800
2022-04-22,162.8043941791054,164.1834179598548,157.95331370568275,158.2369384765625,84882400
2022-04-25,157.5816959947762,159.58667965590095,154.9801226542558,159.3030548095703,96046400
2022-04-26,158.6868312906376,158.7748512209157,153.2782766938566,153.3565216064453,95623200
2022-04-27,152.48608239761126,156.28086402556207,151.96772285920957,153.131591796875,88063200
2022-04-28,155.7527492675287,160.90702025080918,155.4397695467575,160.0463409423828,130216800
2022-04-29,158.2858839707605,162.55013611076737,153.79668696009873,154.18789672851562,131747600
2022-05-02,153.2685246478865,154.7551334388098,149.9040675207667,154.49107360839844,123055300
2022-05-03,154.67686742533908,157.18065989099466,152.88706912402677,155.9776611328125,88966500
2022-05-04,156.16347041168282,162.82391297722876,155.7624708783281,162.3740234375,108256500
2022-05-05,160.25174474333807,160.47668960295778,151.5471860479713,153.3272247314453,130525300
2022-05-06,152.80804796848787,156.16765847712838,151.01560506464577,154.05198669433594,116124600
2022-05-09,151.7502087551316,152.63174611813972,148.38082388612466,148.93911743164062,131577900
2022-05-10,152.328132388233,153.52309446613708,149.79127784510368,151.33885192871094,115366700
2022-05-11,150.34962062380012,152.25959652859348,142.8174450559726,143.4932861328125,142689800
2022-05-12,139.8398213340432,143.19941752795359,135.95129962230052,139.63412475585938,182602000
2022-05-13,141.6224448185645,145.06041547307086,140.17282438448345,144.09072875976562,113990900
2022-05-16,142.56276758428663,144.4923369438145,141.22087499257742,142.55296325683594,86643800
2022-05-17,145.80482673464496,146.69615365751025,143.66956086149628,146.17703247070312,78336300
2022-05-18,143.83608013972986,144.33560760113403,137.0287088681347,137.92984008789062,109742900
2022-05-19,137.00910949443605,138.7525756020971,133.79642936713128,134.53103637695312,136095600
2022-05-20,136.2353120090451,137.8122689524701,129.88831177177445,134.76609802246094,137426100
2022-05-23,134.9620011760451,140.31973647724712,134.82487512400195,140.17282104492188,117726300
2022-05-24,137.92000924521287,139.0562049598391,134.51143704695141,137.479248046875,104132700
2022-05-25,135.58886991195646,138.87991021944293,135.50072064953915,137.635986328125,92482700
2022-05-26,134.57020484609697,141.37755994588284,134.32533585009304,140.8290557861328,90601500
2022-05-27,142.4060581377044,146.6080048732437,142.27872143657157,146.56883239746094,90978500
2022-05-31,146.01053811087894,147.567901829154,143.8262952175465,145.78524780273438,103718400
2022-06-01,146.8234927200187,148.625740486996,144.64905411869742,145.65792846679688,74286600
2022-06-02,144.7959487531145,148.16534881431244,143.84585577263883,148.10658264160156,72348100
2022-06-03,143.88504856420633,144.93309527765794,141.49513917786348,142.39625549316406,88570300
2022-06-06,144.01240411533595,145.52080603843785,141.92611474243267,143.1406707763672,71598400
2022-06-07,141.3874111623379,145.94197002029273,141.14254208512267,145.65792846679688,67808200
2022-06-08,145.53057980516448,146.7940975636926,144.43357121198528,144.92330932617188,53950200
2022-06-09,144.06135517233236,144.91349464755012,139.60473566244548,139.7124786376953,69473000
2022-06-10,137.40091085996173,137.87105521943323,134.24699651333503,134.31556701660156,91437900
2022-06-13,130.1429810735186,132.4251621177248,128.74233746263164,129.17330932617188,122207100
2022-06-14,130.39769474252046,131.14209140798755,128.78154975446083,130.0352783203125,84784300
2022-06-15,131.5338494146611,134.52125474775525,129.4475753177957,132.65045166015625,91533000
2022-06-16,129.36920911544067,129.6728443246095,126.39159330904647,127.39066314697266,108123900
2022-06-17,127.40048374314352,130.34870189215334,127.14581035148301,128.85989379882812,134520300
2022-06-21,130.68170729877417,134.24699991857628,130.58376865027734,133.0814208984375,81000500
2022-06-22,132.02354820979977,134.93259278933536,131.16161959240785,132.5720672607422,73409200
2022-06-23,134.0119221215175,135.74558399228505,132.84634321517927,135.43215942382812,72433800
2022-06-24,137.02869134817942,138.99744774415504,136.901369626622,138.75257873535156,89116800
2022-06-27,139.77122723590202,140.5450216732672,138.07673787975503,138.75257873535156,70207900
2022-06-28,139.21296287932694,140.47648065381134,134.50168455265504,134.6192169189453,67083400
2022-06-29,134.63878986432783,137.78289974267364,133.8649953839291,136.37245178222656,66242400
2022-06-30,134.43309207438057,135.5301005021527,131.02451949836083,133.91397094726562,98964500
2022-07-01,133.24794276909347,136.1863715256026,132.87575195629162,136.07862854003906,71051600
2022-07-05,134.94240992218974,138.70359409768392,134.1196387404863,138.6546173095703,73353800
2022-07-06,138.44897021265854,141.16210859174285,138.1845074474581,139.9867401123047,74064300
2022-07-07,140.3491044689141,143.5422056804672,140.33931508968487,143.3463134765625,66253700
2022-07-08,142.2786895406023,144.52169812610057,142.02403114104803,144.02215576171875,64547800
2022-07-11,142.6802511820269,143.63034399150357,140.82904234672395,141.89666748046875,63141600
2022-07-12,142.7684556965353,145.40324925342907,142.0730359145698,142.8664093017578,77588800
2022-07-13,140.0552923046931,143.44427122627144,139.2031379384123,142.5039825439453,71185600
2022-07-14,141.12295108192205,145.89299601499977,140.30998393649415,145.4228515625,78140700
2022-07-15,146.7059565075189,147.763792686889,145.15838218653053,147.08795166015625,76259900
2022-07-18,147.64626627696484,148.45923341835072,143.68917356336667,144.0515899658203,81420900
2022-07-19,144.88410592104603,148.1261694879342,143.8948404199678,147.90089416503906,82982400
2022-07-20,148.01844006316782,150.56508418725386,147.28383290571463,149.89903259277344,64823400
2022-07-21,151.3290755894941,152.37712231601844,148.82161886422966,152.16163635253906,65086600
2022-07-22,152.20081233549695,153.0725455912705,150.26145356507448,150.927490234375,66675400
2022-07-25,150.849124954379,151.85798424989775,149.1546353044719,149.81088256835938,53623900
2022-07-26,149.1350139839463,149.9479808770686,147.70498735893062,148.4885711669922,55138700
2022-07-27,149.4484808165071,154.10099277980115,149.0371026048061,153.5720672607422,78620700
2022-07-28,153.758128174429,154.40458587882554,151.24088279184247,154.12054443359375,81378700
2022-07-29,157.93075852013737,160.27170619819887,156.226464436767,159.1746826171875,101786900
2022-08-01,157.7054523459462,160.2325026515257,157.58791998844677,158.1951904296875,67829400
2022-08-02,156.81413161603723,159.07671904499605,156.35377664743476,156.72596740722656,59907000
2022-08-03,157.53894532472003,163.17093336402678,157.45079605540153,162.7203826904297,82507500
2022-08-04,162.6027983303137,163.75858773192834,161.05522452393103,162.4069061279297,55474100
2022-08-05,160.08237587686597,162.67178435198056,159.876393569881,162.18136596679688,56697000
2022-08-08,163.18178041324063,164.59418751238474,161.0533667864172,161.7105255126953,60276900
2022-08-09,160.8768658503071,162.6423751902944,160.12161727807143,161.75961303710938,63135500
2022-08-10,164.4667081851827,166.0949008724902,163.70165667502752,165.996826171875,70170500
2022-08-11,166.8010905635419,167.71327649760102,164.9669306824805,165.2611846923828,57149200
2022-08-12,166.56569547580565,168.87065273956517,166.1537308916434,168.802001953125,68039400
2022-08-15,168.2330984181666,170.0672580774187,168.06635799154176,169.87109375,54091700
2022-08-16,169.4689479524639,170.38113378052608,168.37041574061854,169.7141571044922,56377100
2022-08-17,169.45912928634104,172.77434653771422,169.26296497615442,171.20501708984375,79542000
2022-08-18,170.42041535800897,171.54837183281785,169.8024833073242,170.812744140625,62290100
2022-08-19,169.71416649279175,170.41056710828244,168.02712623620275,168.2331085205078,70346300
2022-08-22,166.43819485878106,166.6049353146799,163.93705808753546,164.35882568359375,69026800
2022-08-23,163.87821006023856,165.47697879172844,163.45644246473458,164.02532958984375,54147100
2022-08-24,164.11361274111158,164.88846719098774,163.06411023124903,164.319580078125,53841500
2022-08-25,165.5456215718219,166.87956011908489,165.1238689631101,166.77166748046875,51218200
2022-08-26,167.30127643034007,167.7720737244139,160.4256035029831,160.4844512939453,78961000
2022-08-29,158.06182659509352,159.7782908024648,156.7573269679059,158.2874298095703,73314000
2022-08-30,159.02305667853338,159.44480926961938,154.6975633016655,155.86476135253906,77906200
2022-08-31,157.23795081091825,157.50278094726974,154.1286998362425,154.20716857910156,87991100
2022-09-01,153.63825654168207,155.38414463005734,151.70600708998924,154.93296813964844,74229900
2022-09-02,156.68862526348613,157.2869361057138,152.00022815870258,152.82412719726562,76957800
2022-09-06,153.4715206737186,154.07963464254792,150.7447958267751,151.56869506835938,73714800
2022-09-07,151.85314497915547,153.6676838931478,150.66632598771957,152.97129821777344,87449600
2022-09-08,151.67660447799875,153.36364499716552,149.75415773532657,151.50006103515625,84923800
2022-09-09,152.49066452851048,154.79563648166842,151.7844609924952,154.354248046875,68028800
2022-09-12,156.5317468843277,161.1122531071859,156.24731078742482,160.29815673828125,104956000
2022-09-13,156.83579030622826,157.46352522744408,150.43092752735453,150.8919219970703,122656600
2022-09-14,151.8237313927598,154.08947711736784,150.66635107863272,152.33377075195312,87965400
2022-09-15,151.6864105462559,152.26511565335673,148.47908487159995,149.45010375976562,90481100
2022-09-16,148.312339619677,148.44965617349064,145.52675172371437,147.81210327148438,162278800
2022-09-19,146.44871449211215,151.59810678770754,146.2427471814607,151.51963806152344,81474200
2022-09-20,150.4603364872082,155.05065980282333,150.14647654096675,153.8932647705078,107689800
2022-09-21,154.32488654617703,155.69806729538206,150.6565658264775,150.77426147460938,101696800
2022-09-22,149.45988650515864,151.50983141556574,148.0180554999838,149.81298828125,86652500
2022-09-23,148.29271727039426,148.5673503753869,145.71311171309017,147.54727172851562,96029900
2022-09-26,146.7920383807957,150.82327820825114,146.77241745430226,147.88076782226562,93339400
2022-09-27,149.81300689014782,151.75505941669135,147.07646404392761,148.85177612304688,84442700
2022-09-28,144.81072915722658,147.75323924438212,142.06438341593866,146.96856689453125,146691400
2022-09-29,143.3002265150421,143.90834038923484,137.9840792223541,139.7495880126953,128138200
2022-09-30,138.5725991267457,140.35772899315157,135.35545614892226,135.55162048339844,124925300
2022-10-03,135.5614611189966,140.32832857992096,135.05142179088293,139.72019958496094,114311700
2022-10-04,142.25072959734777,143.41792753527417,141.4954812316815,143.30023193359375,87830100
2022-10-05,141.3091461524557,144.55571313373582,140.26944671107276,143.594482421875,79471000
2022-10-06,143.0158044200555,144.7126478104947,142.43711432828448,142.64308166503906,68402200
2022-10-07,139.80844218113944,140.35772324812106,136.7776606833551,137.4053955078125,85925600
2022-10-10,137.7290802001953,139.17091126885134,135.91454138275128,137.7290802001953,74899000
2022-10-11,137.2190642395612,138.64128959242282,135.57126557653487,136.3166961669922,77033700
2022-10-12,136.4638036366148,137.67022848780448,135.51239091855444,135.68893432617188,70433700
2022-10-13,132.40313927882985,140.83832513907973,131.79501040391918,140.2498321533203,113224000
2022-10-14,141.5445499741852,141.75053227831364,135.5418338120233,135.7281951904297,88598000
2022-10-17,138.36663643162046,140.16155437004147,137.5819641011487,139.6809539794922,85250900
2022-10-18,142.70191550699425,143.8887193551449,137.91542833833753,140.99525451660156,99136600
2022-10-19,138.974750883936,142.1722730567363,138.78838952105372,141.10316467285156,61758300
2022-10-20,140.2792613677454,143.09425775385319,139.91634163141597,140.6421661376953,64522000
2022-10-21,140.13212478208789,145.0167019837592,139.916339525803,144.44781494140625,86548600
2022-10-24,144.36934369172494,147.35108041478094,143.20214572577777,146.58602905273438,75981900
2022-10-25,147.21377179556336,149.56778877679034,146.4977652190575,149.420654296875,74732300
2022-10-26,148.06710843299678,149.07736899312695,145.20305222207165,146.4879608154297,88194300
2022-10-27,145.23248644302674,146.1937021462339,141.36798774070627,142.025146484375,109180200
2022-10-28,145.36000606754794,154.48179100593666,144.98729827273644,152.75552368164062,164762400
2022-10-31,150.22494584357278,151.28425122815005,149.00870300208484,150.4014892578125,97943200
2022-11-01,152.10814502054632,152.4710497811702,146.27217011734126,147.76303100585938,80379300
2022-11-02,146.09559446780847,149.25388921211223,142.22129326523782,142.25071716308594,93604600
2022-11-03,139.3376507448135,140.06347524662803,136.0910838596121,136.21859741210938,97918500
2022-11-04,139.59827074317496,140.16810151754257,132.0234836201314,135.95333862304688,140814800
2022-11-07,134.70561435237354,136.70983394000362,133.29086405936027,136.48387145996094,83374600
2022-11-08,137.94771058910516,138.94981261597127,135.07891882338652,137.0536651611328,89908500
2022-11-09,136.07123106652006,136.12035725287217,132.2297941583769,132.5048828125,74917800
2022-11-10,138.7631733571785,144.29443359375,137.05368118428237,144.29443359375,118854000
2022-11-11,143.2628351295347,147.3793446123761,141.8382510579549,147.0747833251953,93979700
2022-11-14,146.35763570725214,147.64466090619808,144.8446330372058,145.6797332763672,73374100
2022-11-15,149.55060713210176,150.89657743758315,145.95478683657723,147.40882873535156,89868300
2022-11-16,146.51485052076237,147.2418642338074,144.707105498184,146.18080139160156,64218300
2022-11-17,143.86215701114332,148.82360185357618,143.58706836561342,148.07693481445312,80389400
2022-11-18,149.6390188603337,150.02217903995793,147.34005778258813,148.63690185546875,74829600
2022-11-21,147.52674987775407,147.73305885560603,145.12953609848137,145.41444396972656,58724100
2022-11-22,145.53237828985053,147.78221396265934,144.35340964940343,147.54641723632812,51804100
2022-11-23,146.82923559559399,149.16750461394776,146.7211639605135,148.42083740234375,58301400
2022-11-25,145.70921560778717,146.26922721502757,144.54008119228595,145.51272583007812,35195900
2022-11-28,142.5947981424062,144.06849387144769,140.8656672171658,141.69093322753906,69246000
2022-11-29,141.7596944766532,142.27057984792378,137.8887997144492,138.6944122314453,83763800
2022-11-30,138.9203582971881,146.1119996275474,138.08527316426236,145.43409729003906,111380900
2022-12-01,145.61099111367253,146.51485616417156,144.03904277032873,145.709228515625,71250400
2022-12-02,143.4004227674544,145.40464232225125,143.09584639700262,145.2179718017578,65447400
2022-12-05,145.17867816271277,148.27343309869434,143.21375058654476,144.0586700439453,68826400
2022-12-06,144.49095300364328,144.71691547188212,139.43125562304482,140.40390014648438,64727200
2022-12-07,139.69653991914743,140.85584008868295,137.5449416476374,138.4684600830078,69721100
2022-12-08,139.86354485762612,141.0032064446931,138.62564588690643,140.14845275878906,62128300
2022-12-09,139.84388950557997,143.01725827820258,138.42913927736055,139.66705322265625,76097000
2022-12-12,140.19755844692216,141.96599599737974,138.58631867677312,141.9561767578125,70462700
2022-12-13,146.87836551906,147.34012479055724,141.7106103631851,142.91903686523438,93886200
2022-12-14,142.80112620848055,144.08815144991274,138.68460028950005,140.6986541748047,82291200
2022-12-15,138.63546667684503,139.3133690938159,133.64454880056923,134.10630798339844,98931900
2022-12-16,134.29296269794702,135.23611943482993,131.38486361161162,132.15118408203125,160156900
2022-12-19,132.74067737544078,132.82909551472687,129.01714637272462,130.04872131347656,79592600
2022-12-20,129.08590439011405,130.91328746393052,127.61220884643005,129.97994995117188,77432800
2022-12-21,130.64803543949063,134.41087369361549,130.42207295695286,133.07472229003906,85928000
2022-12-22,131.99401195090732,132.20032094511618,128.0150307307424,129.9111785888672,77852100
2022-12-23,128.62415014924704,130.0978457490201,127.3665977700706,129.54766845703125,63814900
2022-12-27,129.07607245594536,129.10554516462403,126.46271568426795,127.74974060058594,69007800
2022-12-28,127.39606774936588,128.73221899747332,123.66271014073895,123.82972717285156,85438400
2022-12-29,125.74555630862793,128.19188939568883,125.49012108364987,127.33715057373047,75703700
2022-12-30,126.15820060973721,127.67118851090429,125.19538263157119,127.65153503417969,77034200
2023-01-03,127.99536673400503,128.60448941700523,121.9925130634904,122.8767318725586,112117500
2023-01-04,124.66481618620305,126.40378110334795,122.88655931785308,124.14411163330078,89113600
2023-01-05,124.90062068574457,125.52939692056383,122.57218626779334,122.82762145996094,80962700
2023-01-06,123.80025205121024,128.0051879622661,122.69989001665523,127.34693908691406,87754700
2023-01-09,128.1820714377982,131.07051781969213,127.61224055371211,127.86767578125,70790800
2023-01-10,127.97574077291436,128.95820466182693,125.87326865028986,128.4375,63896200
2023-01-11,128.94833938796359,131.16870158744862,128.17219978892,131.14906311035156,69458900
2023-01-12,131.5322547782573,131.90558081812333,129.13504077259947,131.07049560546875,71379600
2023-01-13,129.71469801537842,132.55401787873402,129.35119119619432,132.39682006835938,57809700
2023-01-17,132.4655864864573,134.88243886666353,131.77786487384603,133.55612182617188,63646600
2023-01-18,134.4207108763407,136.17931456809228,132.66209219338052,132.8389434814453,69672800
2023-01-19,131.7287538123279,133.86069855178562,131.42419241972087,132.89788818359375,58280400
2023-01-20,132.90770800117681,135.59966433835268,131.86629872212012,135.45228576660156,80223600
2023-01-23,135.6978953680963,140.80671912517695,135.4817521326256,138.63546752929688,81760300
2023-01-24,137.84949253259393,140.64952034187644,137.83967329148908,140.0305633544922,66435100
2023-01-25,138.41932337339787,139.93231102042415,136.37579688239575,139.372314453125,65799300
2023-01-26,140.65934626942868,141.72040901629467,139.41161299424252,141.4355010986328,54105100
2023-01-27,140.64949717713105,144.64811636457318,140.57089828761406,143.37091064453125,70555800
2023-01-30,142.41799142868322,142.99764160460052,140.3449917396537,140.4923553466797,64015300
2023-01-31,140.19757555057984,141.80881551729502,139.78494257033407,141.7596893310547,65874500
2023-02-01,141.44531098955775,144.03901475780756,138.84178798038548,142.87969970703125,77663600
2023-02-02,146.28881248443847,148.5288281161462,145.57161831064525,148.17515563964844,118339000
2023-02-03,145.43410775063012,154.62014981197694,145.23761799882098,151.7906494140625,154357300
2023-02-06,149.8944947732861,150.41519933800663,148.1358763450209,149.0692138671875,69858300
2023-02-07,147.99834440627268,152.50784959474223,147.99834440627268,151.93801879882812,83322600
2023-02-08,151.18150996746658,151.86923151834947,148.5190269025848,149.25587463378906,64120100
2023-02-09,151.083246261921,151.62360422246954,147.78216807435706,148.22427368164062,56007100
2023-02-10,147.0632167115801,148.91305820143486,146.82706002572684,148.58834838867188,57450700
2023-02-13,148.52933886882354,151.78625678187208,148.49982115470684,151.38284301757812,62199000
2023-02-14,149.68057287811524,151.30412220458746,148.44078385852455,150.74325561523438,61707600
2023-02-15,150.6547103127393,153.0063833860837,150.42840282421838,152.839111328125,65573800
2023-02-16,151.0482514150965,153.8230360580732,150.89082864502956,151.24505615234375,68167900
2023-02-17,149.90692418842454,150.54649479465752,148.43097816102596,150.1037139892578,59144100
2023-02-21,147.79135689260553,148.87372305726493,146.03006833094608,146.09893798828125,58867200
2023-02-22,146.4826667367167,147.5453493019233,144.80009726904348,146.52203369140625,51011300
2023-02-23,147.68310298099968,147.92909389742377,144.87881554222116,147.00416564941406,48394200
2023-02-24,144.75092512234477,144.8296440334222,143.38321594733068,144.3573455810547,55469600
2023-02-27,145.34128862301924,146.77786725557394,145.0854484451516,145.54791259765625,44998500
2023-02-28,144.6918692589824,146.689314426437,144.47539603761436,145.0460968017578,50547000
2023-03-01,144.4754113339038,144.86899086128216,142.68458995191014,142.9797821044922,55479000
2023-03-02,142.0647116163666,144.35734928778834,141.59239813777418,143.57017517089844,52238100
2023-03-03,145.66597544130724,148.68675112203792,144.96736964186593,148.6080322265625,70732300
2023-03-06,151.32379221822697,153.79355106354063,150.99909736370918,151.3631591796875,87558000
2023-03-07,151.23522972088062,151.55993956940895,148.7064506179963,149.16891479492188,56182000
2023-03-08,150.3594826497808,151.0089022608483,149.39520247867964,150.41851806640625,47204800
2023-03-09,151.09749920529256,152.06177965604292,147.82089750549494,148.1751251220703,53833600
2023-03-10,147.80122193638456,148.5195113692859,145.24290982690115,146.11863708496094,68572400
2023-03-13,145.43964501902317,150.68417236536888,145.33140843160922,148.05699157714844,84457100
2023-03-14,148.85403055723415,150.94002884188114,147.6929605728649,150.1430206298828,73695900
2023-03-15,148.76548332238644,150.7924462663543,147.51584514285557,150.53662109375,77167900
2023-03-16,149.71994010489203,153.9509875803486,149.20827470890512,153.35076904296875,76161100
2023-03-17,153.5770871091514,154.2265068856699,151.80594908869074,152.514404296875,98944600
2023-03-20,152.5832927983786,155.28919358755078,151.6780327765039,154.87591552734375,73641400
2023-03-21,154.7971931327365,156.84382463636302,154.02968755125636,156.7257537841797,73938300
2023-03-22,156.74542384346483,159.53987720924363,155.27931249330243,155.2989959716797,75701800
2023-03-23,156.28297554136526,158.9593583364734,155.15140813839363,156.38136291503906,67622100
2023-03-24,156.31249715364865,157.76875944157217,155.31869907440637,157.68020629882812,59196500
2023-03-27,157.37517430078694,158.19186606543823,155.33836200567538,155.74179077148438,52390300
2023-03-28,155.4367475403247,155.9484128704115,153.4786543640599,155.1218719482422,45992200
2023-03-29,156.8143056879684,158.46737267599337,156.7946372221569,158.19186401367188,51305700
2023-03-30,158.93967116064357,159.86459953343115,158.68384597812414,159.75636291503906,49501700
2023-03-31,159.8350878653574,162.35403288236776,159.31358823359025,162.25563049316406,68749800
2023-04-03,161.63575413574327,163.62335040456196,161.58655293789977,163.50527954101562,56976200
2023-04-04,163.92838412805693,164.16452584406122,162.4622725801105,162.97393798828125,46278300
2023-04-05,162.09823719499718,162.4032636373138,159.20538058937618,161.13394165039062,51511700
2023-04-06,159.8252203026454,162.31466233453045,159.40212310856722,162.01947021484375,45390100
2023-04-10,158.8314525568901,159.43167114257812,157.51294452082058,159.43167114257812,47716900
2023-04-11,159.7465367378167,159.75637097122245,157.93603184667685,158.2213897705078,47644200
2023-04-12,158.6346426672523,159.4611686435216,157.21773241416443,157.53260803222656,50133100
2023-04-13,159.03807402297244,163.14120127307194,158.83143501847854,162.90504455566406,68445600
2023-04-14,161.9506163702145,163.6528847449455,161.19297496954,162.56068420410156,49386500
2023-04-17,162.44255269866937,162.73774479162446,161.3995536491091,162.58030700683594,41516200
2023-04-18,163.4363837761115,164.72537387764507,162.99358808032773,163.80044555664062,49923000
2023-04-19,163.14119328481948,165.46334834295578,162.8853530999642,164.9418487548828,47720200
2023-04-20,163.42656743390464,165.1780220485777,162.90506774605808,163.9775848388672,52456400
2023-04-21,162.40320545287983,163.78074857435575,161.85218820428946,162.37368774414062,58337300
2023-04-24,162.35403159020615,162.9444158925364,161.26183114076272,162.67874145507812,41949600
2023-04-25,162.54099521393778,163.6430299514636,161.10440134757968,161.14376831054688,48714100
2023-04-26,160.44516984288546,162.62957115675852,160.18934460412623,161.13394165039062,45498800
2023-04-27,162.54095594925062,165.85690860859063,162.54095594925062,165.70932006835938,64902300
2023-04-28,165.7880496631181,167.12624089927414,165.18783120394306,166.95895385742188,55275900
2023-05-01,166.5654112090663,167.71664719399982,165.93567490070697,166.8704376220703,52472900
2023-05-02,167.36241202489828,167.6182522416185,164.8533011388869,165.83726501464844,48425700
2023-05-03,166.78186884038578,168.17909567440717,164.47939708632646,164.76473999023438,65136000
2023-05-04,162.2457710884036,164.3612870012041,161.67507035057545,163.13133239746094,81235400
2023-05-05,168.23815821665508,171.50492585877407,168.0216849384858,170.78663635253906,113453200
2023-05-08,169.71408033203093,171.06212101363838,169.35001851271124,170.7177276611328,55962800
2023-05-09,170.27494492179522,170.7570775926942,168.84820036158354,169.01547241210938,45326900
2023-05-10,170.24544525293916,171.23924342814053,169.14339542958015,170.7767791748047,53724500
2023-05-11,171.06211698775132,171.79024060925457,169.40904995436452,170.96371459960938,49514700
2023-05-12,171.07208510437357,171.50563041723674,168.49053896760506,170.03750610351562,45533100
2023-05-15,170.6188460048669,170.66811525184778,168.95364468701064,169.5448455810547,37266700
2023-05-16,169.46601779285794,170.5991352991019,169.27880367524853,169.5448455810547,42110300
2023-05-17,169.19014751327734,170.3922300756776,167.91906995533154,170.15576171875,57951600
2023-05-18,170.46120584790356,172.66833901247392,170.04737119858373,172.4811248779297,65496700
2023-05-19,173.80145343851697,173.80145343851697,172.37273538217633,172.58950805664062,55809500
2023-05-22,171.42681253611994,172.14611049896482,170.90459157041087,171.64358520507812,43570900
2023-05-23,170.58926430627432,170.83559547287618,168.76640765947607,169.04229736328125,50747300
2023-05-24,168.57924358561866,169.8897275849513,168.01761617725649,169.3182373046875,45143500
2023-05-25,169.8798495430277,171.3479738482291,169.17041449607095,170.4513397216797,56058300
2023-05-26,170.77650880236848,173.19055165787438,170.56958397024448,172.85552978515625,54835000
2023-05-30,174.36309800636275,176.36330631715728,173.9788219031772,174.69810485839844,55964400
2023-05-31,174.72766202276017,176.71802248155805,174.16601962684186,174.64883422851562,99625300
2023-06-01,175.0922027756249,177.47668683522244,174.33349851829678,177.44712829589844,68901800
2023-06-02,178.37335293714096,179.11234656032465,176.62932377666553,178.29452514648438,61996900
2023-06-05,179.9498694414483,182.23581511366768,175.42721727327233,176.9446258544922,121946500
2023-06-06,177.32891962025158,177.476712338109,174.8261860088602,176.580078125,64848400
2023-06-07,175.82139167098399,178.55074607277277,174.71783250558175,175.2104949951172,61944600
2023-06-08,175.2892895872439,178.18614713091944,174.85575927069235,177.9201202392578,50214900
2023-06-09,178.83645110058313,179.55573399442156,177.9792233362159,178.30438232421875,48900000
2023-06-12,178.60984190485868,181.19138823156914,178.31424143935143,181.0928497314453,54274900
2023-06-13,180.11734763302488,181.44752687931387,179.76263016037564,180.61985778808594,54929100
2023-06-14,180.67901332162722,181.684048880549,179.34883379218707,181.25050354003906,57462900
2023-06-15,181.26036948430115,183.78279874291368,181.08300318978328,183.2802734375,65433200
2023-06-16,183.98971928038128,184.245913383536,181.56582838117956,182.20628356933594,101256200
2023-06-20,181.7037512704965,183.36895259993452,181.7037512704965,182.29493713378906,49799100
2023-06-21,182.18653808363035,182.68906332243637,179.91044034391143,181.26034545898438,49515700
2023-06-22,181.04359886716716,184.30502181445038,180.9746189088309,184.25575256347656,51245300
2023-06-23,182.82703803401998,184.80753566864925,182.29495416898448,183.94044494628906,53117000
2023-06-26,184.08825189117624,185.29034946556595,182.51172604562308,182.5511474609375,48088700
2023-06-27,183.1620330683905,185.6253451571229,182.94526040179295,185.30018615722656,50730800
2023-06-28,185.17209649255778,187.11318769857849,184.84695251457532,186.4727325439453,51216800
2023-06-29,186.3052137668684,187.2806907250245,186.16726889716722,186.80772399902344,46347300
2023-06-30,188.81778728912292,191.62595381515632,188.45320690668942,191.12344360351562,85213200
2023-07-03,190.93627177904648,191.03481029014517,188.94591112680644,189.63565063476562,31458200
2023-07-05,188.7587001877792,190.14799688410469,187.82262949557398,188.522216796875,46920300
2023-07-06,187.05407174607458,189.20208780415717,186.42346442381324,188.9951629638672,45094300
2023-07-07,188.601042385603,189.84254634486774,187.4482140588147,187.88174438476562,46815000
2023-07-10,186.48257243692333,187.20187038994513,184.29515010539157,185.8421173095703,59922200
2023-07-11,186.3840685065736,186.52201339622226,183.8616390759319,185.31991577148438,46638100
2023-07-12,186.89638625272656,188.88674640306317,185.7041517573503,186.98507690429688,60750200
2023-07-13,187.7043680387378,188.38424453327508,186.99493300399138,187.7437744140625,41342300
2023-07-14,187.4383302857117,188.37438582770977,186.8471444335954,187.89158630371094,41616200
2023-07-17,189.0838026643331,191.4683016532262,188.99512705028692,191.1431427001953,50520200
2023-07-18,190.5125649317522,191.47817907078496,189.5962050071137,190.88697814941406,48288200
2023-07-19,190.2661976064536,195.32090288181368,189.82278948215546,192.23684692382812,80507300
2023-07-20,192.22701989757815,193.58677299126168,189.67503216410122,190.29579162597656,59581200
2023-07-21,191.25155042374644,192.10877819186132,188.4236580132484,189.1232452392578,71951700
2023-07-24,190.57165886992988,192.04964595897565,189.42867857936756,189.9213409423828,45377800
2023-07-25,190.49281166825537,191.5865226040476,190.08882496339956,190.77854919433594,37283200
2023-07-26,190.82785426220883,192.7689453418544,190.48299959942145,191.6456756591797,47471900
2023-07-27,193.14334195652393,194.30601782591035,189.72426422082378,190.38442993164062,47460200
2023-07-28,191.8131659299023,193.7444090416655,191.29094501886246,192.95614624023438,48291400
2023-07-31,193.1828015190956,193.60649905306556,192.39453857567588,193.56707763671875,38824100
2023-08-01,193.36016991822595,193.8429695122176,192.41425136889904,192.73941040039062,35175100
2023-08-02,192.17775117305615,192.31569604997566,189.03457754647138,189.7538604736328,50389300
2023-08-03,188.7586713954234,189.54691917513858,187.89158079590146,188.36453247070312,61235200
2023-08-04,182.79745486603875,184.6301595328746,179.25027969317492,179.3192596435547,115956800
2023-08-07,179.45720585194456,180.44253062568194,174.74735463626894,176.225341796875,97576100
2023-08-08,177.0530363874442,177.6245266423458,174.97400021533483,177.1614227294922,67823000
2023-08-09,178.2157216738325,178.27483876617566,174.41236670614128,175.57505798339844,60378500
2023-08-10,176.8460654118823,178.09743193733033,174.99366527850802,175.3582305908203,54686900
2023-08-11,174.953720563952,176.23636037713308,174.19399178686675,175.4174346923828,52036700
2023-08-14,175.595078706152,177.2921273528478,174.94388246971033,177.06520080566406,43675600
2023-08-15,176.49289504388423,177.08487915778778,174.68731413890805,175.08197021484375,43622600
2023-08-16,174.76626971305478,176.15744233651847,174.14467201512105,174.2137451171875,46964900
2023-08-17,174.7761369036864,175.1411945839284,171.1649745274817,171.67803955078125,66062900
2023-08-18,170.0007364455324,172.76337470680727,169.6652772069575,172.16151428222656,61172200
2023-08-21,172.7337706675176,173.77962299820936,171.42151715942626,173.4934844970703,46311900
2023-08-22,174.69718434668556,175.30890581271296,173.89799596554266,174.8649139404297,42038900
2023-08-23,176.1377232252428,179.12728783194132,175.9502562936072,178.70301818847656,52722800
2023-08-24,178.25900483655056,178.6832744289853,173.66118769058747,174.02626037597656,54945800
2023-08-25,175.0129348306344,176.7593040006282,173.4737548580186,176.2265167236328,51449600
2023-08-28,177.6867593505913,178.1800870283186,176.1673167274641,177.78543090820312,43820700
2023-08-29,177.30194937146643,182.4325537749521,177.1046213280948,181.6629638671875,53003900
2023-08-30,182.47209151885716,185.3432629665858,182.27476340724593,185.1459197998047,60813900
2023-08-31,185.33336235534645,186.5962801694583,184.97816577917948,185.3629608154297,60794500
2023-09-01,186.96131537308187,187.3855699191495,185.76745585396847,186.9317169189453,45766500
2023-09-05,185.76746926717502,187.44478036173828,185.10641198511868,187.16851806640625,45280000
2023-09-06,185.88584392275033,186.3298508313997,179.048330235654,180.4691162109375,81755800
2023-09-07,172.84227669356144,175.83185624974686,171.22416252451072,175.19052124023438,112488800
2023-09-08,175.96999075471308,177.8347687964352,175.417451102765,175.80224609375,65551300
2023-09-11,177.66705421097663,177.8939807491613,174.9734739911946,176.96652221679688,58953100
2023-09-12,177.09475937210624,177.72621814105926,172.48708107979573,173.94732666015625,90370200
2023-09-13,174.15451849429098,174.93398459835862,171.6582818339781,171.88522338867188,84267900
2023-09-14,171.6780505009118,173.75003299454158,171.2636570132194,173.39483642578125,60895800
2023-09-15,174.1249606133089,174.1446979390041,171.50046839224674,172.67457580566406,109259500
2023-09-18,174.12491003199494,176.98621921988467,173.81904932082622,175.59503173828125,67257600
2023-09-19,175.15107052586188,177.23291401853146,174.7662755227223,176.68038940429688,51826900
2023-09-20,176.8678428874874,177.3019736755132,173.0593524132158,173.14816284179688,58436200
2023-09-21,172.22066895942882,173.9473155673331,171.5398744594861,171.6089324951172,63149100
2023-09-22,172.33907993619778,174.71692282922322,171.72735846610487,172.4574737548828,56725400
2023-09-25,171.8753837600089,174.60842368932387,171.82604797435675,173.7303009033203,46172700
2023-09-26,172.48711848209095,172.86203732750283,169.36928354767613,169.665283203125,64588900
2023-09-27,170.3164478696235,170.73084132501634,166.7940959712009,168.15567016601562,66921800
2023-09-28,167.08022534636603,169.7343308371659,165.38317681816312,168.41221618652344,56294400
2023-09-29,169.7244355134215,170.7604265076125,168.06684691168314,168.9252471923828,51861100
2023-10-02,168.93512915166482,171.9740294168616,168.6489906711008,171.43136596679688,52164500
2023-10-03,169.96123409658216,171.31296207551728,168.54046313149794,170.099365234375,49594600
2023-10-04,168.80684851428336,171.8852232303615,168.68845469814508,171.34255981445312,53020300
2023-10-05,171.4708632688818,173.1087151128758,170.37567499430378,172.575927734375,48527900
2023-10-06,171.48071432556827,175.61480292776608,170.8689777300858,175.12147521972656,57266700
2023-10-09,174.45053908507856,176.66065260372454,173.45402254968238,176.60145568847656,42390800
2023-10-10,175.7233522345748,177.32172934204314,175.57534487507363,176.0094757080078,43698000
2023-10-11,175.82199530812358,177.44998580714199,175.23001108089,177.40065002441406,47551100
2023-10-12,177.667018413921,179.9067149957359,176.6507496538397,178.29847717285156,56743100
2023-10-13,178.9990143278533,179.50220314362676,175.7627859383901,176.46331787109375,51427100
2023-10-16,174.39134016768617,176.69024903281087,174.15453745424634,176.33505249023438,52517000
2023-10-17,174.29265257502803,176.03903666999224,172.46734930467605,174.78598022460938,57549400
2023-10-18,173.23695950912395,175.21027033840411,172.77323025982977,173.4934844970703,54764400
2023-10-19,173.69079235758196,175.46677490830675,172.85214438582656,173.11854553222656,59302900
2023-10-20,172.970532603774,173.07906528544774,170.33616484514565,170.57296752929688,64244000
2023-10-23,168.62926966195786,171.68789221712717,167.66233657820504,170.69137573242188,55980100
2023-10-24,170.74069333750268,171.3524147723922,169.16203892177992,171.12548828125,43816600
2023-10-25,169.58630128048503,170.75054719472178,168.37270453985215,168.81671142578125,57157000
2023-10-26,168.0964746462511,169.0930062294273,163.459197305812,164.6629180908203,70625300
2023-10-27,164.68262749452305,166.70527372020223,164.60369326977082,165.9751434326172,58499100
2023-10-30,166.76449089816728,168.8857938712959,166.61648356307745,168.0175323486328,51131000
2023-10-31,167.09010101577766,168.61940486913602,165.65943861592592,168.49114990234375,44846000
2023-11-01,168.71806981976965,171.90496247869652,167.849808268541,171.6484375,56934900
2023-11-02,173.17777741023195,175.4076134182441,173.11858048911532,175.20042419433594,77334800
2023-11-03,171.91482054448556,174.46039296073306,171.03669795189808,174.2926483154297,79829200
2023-11-06,174.02625271257716,177.03553909275448,173.85852313161243,176.8382110595703,63841300
2023-11-07,176.78892234542403,180.00542885763969,176.5817331247381,179.39370727539062,70530000
2023-11-08,179.91661457451394,181.00192645947115,179.16674685036813,180.44940185546875,49340300
2023-11-09,180.51849360423827,181.66300252138785,179.38383076688,179.975830078125,53763500
2023-11-10,181.75410719319203,184.32279657138264,181.31940452226758,184.1548309326172,66133400
2023-11-13,183.58184574005094,183.78930789371245,181.99123723697815,182.57412719726562,43627500
2023-11-14,185.43920547847273,185.8442707665973,184.05607409829287,185.18234252929688,60108400
2023-11-15,185.5874067506803,187.21752694473682,185.51824264456812,185.74546813964844,53790500
2023-11-16,187.2866746678448,188.6599317940755,186.37774261703024,187.42498779296875,54412900
2023-11-17,187.95846486721982,188.08690385906573,186.29870747259162,187.40521240234375,50922700
2023-11-20,187.60286535070765,189.5985396397824,187.59299122291674,189.14407348632812,46505100
2023-11-21,189.10452557023848,189.21320125507725,187.45464204586924,188.3437957763672,38134500
2023-11-22,189.18354656200316,190.60618938615343,188.53149251239262,189.00570678710938,39617700
2023-11-24,188.57102324664504,188.60066069963858,186.97054048498805,187.68186950683594,24048300
2023-11-27,187.63246733233092,188.37343380166539,186.6247487130357,187.5040283203125,40552600
2023-11-28,187.4941619704054,188.77850691885152,187.11873411970524,188.106689453125,38415400
2023-11-29,188.60066651864972,189.77633577367203,186.6939199672285,187.08909606933594,43014200
2023-11-30,187.5533879373149,188.02761722761016,185.9232680925445,187.6620635986328,48794400
2023-12-01,188.03754149609296,189.25272234216075,186.95078459310412,188.93658447265625,45704800
2023-12-04,187.69175492742627,187.76091903857423,185.19222907454912,187.14837646484375,43389500
2023-12-05,187.91897362196437,192.05849343193452,187.8893210956394,191.09030151367188,66628400
2023-12-06,192.10788966712872,192.4141533735728,189.79607806848605,190.00355529785156,41089700
2023-12-07,191.29776300970337,192.6512567588297,191.25823636118906,191.9300537109375,47477700
2023-12-08,191.86091528323507,193.629363703371,191.33730018286,193.3527374267578,53406400
2023-12-11,190.78403090604945,191.15945870925907,189.11438419177532,190.85317993164062,60943700
2023-12-12,190.75440470261375,192.3746507369947,189.4107849369075,192.36477661132812,52696900
2023-12-13,192.74019585543422,195.6151493963814,192.50309623143957,195.5756378173828,70404200
2023-12-14,195.63490356313392,197.21562292408947,193.79730618821,195.72381591796875,66831600
2023-12-15,195.1507962246044,196.01031245444227,194.62718115642724,195.19032287597656,128538400
2023-12-18,193.7281513997374,194.26165570440122,192.04863040265064,193.5305633544922,55751900
2023-12-19,193.79728255461077,194.57776047687184,193.5305304476359,194.56788635253906,40714100
2023-12-20,194.5283970820936,195.2990010280865,192.48333740234375,192.48333740234375,52242800
2023-12-21,193.73805393325773,194.7062459740887,191.1693639432951,192.33514404296875,46482500
2023-12-22,192.8291141147171,193.05635469466722,190.64574127695036,191.26815795898438,37149600
2023-12-26,191.2779991818499,191.55462542072405,190.50739536284337,190.72474670410156,28919300
2023-12-27,190.17149315937536,191.16932243864449,188.78834689776542,190.8235321044922,48087700
2023-12-28,191.80161980345068,192.3153607227681,190.8433020640508,191.2483673095703,34049900
2023-12-29,191.56452296375952,192.0585006042798,189.4206618129017,190.21102905273438,42672100
2024-01-02,184.89581391743906,186.17028459685415,181.6750853181039,183.4040069580078,82488700
2024-01-03,182.00112426612563,183.6411336613478,181.22063114701328,182.03076171875,58414500
2024-01-04,179.95607854098168,180.8847590726459,178.7013859779921,179.71897888183594,71983600
2024-01-05,179.79799818956093,180.5587129492039,177.99991223040004,178.99774169921875,62379700
2024-01-08,179.89676064456035,183.36449308108033,179.3138706884217,183.32496643066406,59144500
2024-01-09,181.7047275700206,182.9199083051763,180.52905841182087,182.9100341796875,42841800
2024-01-10,182.12955368013527,184.1548498527509,181.70472508990332,183.9473876953125,46792900
2024-01-11,184.293153408918,184.7970202008086,181.40832608034748,183.35459899902344,49128400
2024-01-12,183.81894667336306,184.49076406507768,182.95943045197853,183.68063354492188,40477800
2024-01-16,179.96594785640553,182.04064501968628,178.75075193755313,181.41824340820312,65603000
2024-01-17,179.08666971271487,180.72666412936158,178.1283518215105,180.47967529296875,47317400
2024-01-18,183.84860201119264,186.86186875433015,183.59173905481111,186.35801696777344,78005800
2024-01-19,187.04954979006996,189.6379874512041,186.54569809210085,189.252685546875,68903000
2024-01-22,189.98376623580117,192.9772689432648,189.94423959032406,191.5546112060547,60133900
2024-01-23,192.67102493067515,193.39222799671276,191.49535584528522,192.82908630371094,42355600
2024-01-24,193.06623524024957,194.0146790217886,191.99924163914412,192.15731811523438,53631300
2024-01-25,192.86862433386716,193.90598035718745,190.78403816176663,191.83126831054688,54822100
2024-01-26,191.93011009282773,192.41419861683943,189.6281720781272,190.10238647460938,44594000
2024-01-29,189.69728055859,189.88499446653958,187.29655655692048,189.420654296875,47145600
2024-01-30,188.6402109991027,189.48985326642097,185.21200447312103,185.77513122558594,55859400
2024-01-31,184.78712556686926,184.84641553917146,182.129538862794,182.17892456054688,55467800
2024-02-01,181.77388729281213,184.6982263171025,181.6059367135455,184.60931396484375,64885400
2024-02-02,177.6936383802958,185.07366557426653,177.0909850527091,183.6114959716797,102551700
2024-02-05,185.88375846902116,186.97051518171523,183.60158444736317,185.41941833496094,69668800
2024-02-06,184.6093449305071,187.02983262300086,184.52043256333454,187.01995849609375,43490800
2024-02-07,188.3437664109805,188.74883163449712,186.33821869210433,187.1285858154297,53439000
2024-02-08,187.1088468471974,187.25703410679802,185.09342474162452,186.05174255371094,40962000
2024-02-09,186.6155602859614,187.941120969739,185.9725760341758,186.81341552734375,45155200
2024-02-12,186.38806813077576,186.63537211912902,184.7756412965565,185.1317596435547,41781900
2024-02-13,183.76664838776776,184.2019058140478,181.53101071537256,183.0445098876953,56529500
2024-02-14,183.3215042025078,183.5292310959524,180.472557481369,182.1641082763672,54630500
2024-02-15,181.57057328309747,182.50043860227981,179.3943014199978,181.87722778320312,65434500
2024-02-16,181.44197861733377,182.8565652037317,179.7108507918506,180.3439483642578,49752500
2024-02-20,179.82955095197704,180.46264852115328,178.0588611409836,179.60203552246094,53665600
2024-02-21,179.9779444437335,180.91769653606136,178.71174929095213,180.35385131835938,41371400
2024-02-22,181.50134277124772,182.96539328132977,180.49235334512917,182.38174438476562,52292200
2024-02-23,183.0148038625669,183.04447912807765,180.26478523418197,180.55166625976562,45119700
2024-02-26,180.27473021897956,180.78911167382452,178.70186529911302,179.2063751220703,40867400
2024-02-27,179.1470231922399,181.93660445629962,177.6236221032545,180.6605224609375,54318900
2024-02-28,180.54178846123017,181.14521076395337,178.1874648834917,179.4635467529297,48953900
2024-02-29,179.31516246277232,180.6011460945577,177.59392143922238,178.80076599121094,136682600
2024-03-01,177.6137198257161,178.5831471920378,175.46712311031385,177.7225341796875,73563100
2024-03-04,174.25038035125658,174.99229230011673,171.9158301484072,173.2117156982422,81510100
2024-03-05,168.91851326517738,170.18470849670402,167.79080766540406,168.28541564941406,95132400
2024-03-06,169.21526961759642,169.39333632878757,166.86093094295472,167.2961883544922,68587700
2024-03-07,167.32583603979853,168.888798717098,166.67296512435692,167.17745971679688,71765100
2024-03-08,167.17747009753631,171.82678133583968,167.11811956465033,168.88880920410156,76267000
2024-03-11,171.07497733678298,172.49945045781206,170.19457590701288,170.88702392578125,60139500
2024-03-12,171.28270784938988,172.15322257397557,169.16578666443067,171.36184692382812,59825400
2024-03-13,170.90682879160028,171.32229764254458,168.91849524765144,169.28451538085938,52488700
2024-03-14,171.04532782778392,172.43022407386235,170.19460153541087,171.1343536376953,72913500
2024-03-15,169.3240932528417,170.75845336914062,168.45357838204507,170.75845336914062,121752700
2024-03-18,173.67665901704393,175.79358063684148,171.6487632139381,171.8466033935547,75604200
2024-03-19,172.45991109697533,174.7054356079408,171.1640405724947,174.18115234375,55215200
2024-03-20,173.82501083363408,176.74319458007812,173.20180001631465,176.74319458007812,53423100
2024-03-21,175.1406653733646,175.57592275278003,168.9976284397713,169.52191162109375,106181300
2024-03-22,169.90773784358905,171.18383495977668,168.22607363158104,170.42213439941406,71160100
2024-03-25,168.7305586050563,170.08577952012527,167.6226265638577,169.00753784179688,54288300
2024-03-26,168.16670300567833,169.57138777241732,167.7512341389727,167.8798370361328,57388400
2024-03-27,168.5722893771007,171.72789059246503,168.27552158079686,171.44100952148438,60273300
2024-03-28,169.89781453968297,170.37263389978352,168.67118150733492,169.63072204589844,65672700
2024-04-01,169.3438746978549,169.40322523760474,167.65230884379906,168.19638061523438,46240500
2024-04-02,167.25662806803024,167.51381877100314,166.41578850586058,167.0192108154297,49329500
2024-04-03,166.96973884210524,168.83935621904524,166.76201196368757,167.82046508789062,47691700
2024-04-04,168.45358430225178,170.0660111961713,166.99945068359375,166.99945068359375,53704400
2024-04-05,167.7611226870966,168.5524984345705,167.12802510796487,167.75123596191406,42104800
2024-04-08,167.20715459942008,167.37531948329715,166.425680716199,166.63340759277344,37425500
2024-04-09,166.88071513080217,168.2458378687617,166.53449863101693,167.8402557373047,42373800
2024-04-10,166.97966188332379,167.26652787853376,165.30788444762385,165.9706573486328,49709300
2024-04-11,166.52458559261675,173.56781241373886,166.34653399230652,173.15232849121094,91070300
2024-04-12,172.38077455594663,176.43656618963917,172.33132583138607,174.64608764648438,101670900
2024-04-15,173.46888692512982,174.72519524382946,170.6397290741028,170.8276824951172,73531800
2024-04-16,169.89784277952464,171.88616144450353,166.45537543168857,167.55340576171875,73711200
2024-04-17,167.78091646807817,168.80969440593617,166.1882781982422,166.1882781982422,50901200
2024-04-18,166.21794611620325,166.8213684176903,164.75391081370103,165.23861694335938,43122900
2024-04-19,164.41760010663418,164.60553846988037,162.3105651694999,163.22064208984375,68149400
2024-04-22,163.7350029833429,165.45622881020677,162.9930911354229,164.05154418945312,48116400
2024-04-23,163.5668404824781,165.24850434331734,163.1414698344962,165.10011291503906,49537800
2024-04-24,164.74402954196006,167.47427542099652,164.4176015378687,167.19729614257812,48251800
2024-04-25,167.70175828470067,168.77011319134087,166.33663561051003,168.05787658691406,50558300
2024-04-26,168.0480360903948,169.49228314527264,167.3555727442108,167.4742889404297,44838400
2024-04-29,171.5003643815301,174.13168243053624,171.2332869429431,171.62896728515625,68169400
2024-04-30,171.46081207960546,173.1029142716877,168.1667209693098,168.4931640625,65934800
2024-05-01,167.75126824120736,170.84751946790604,167.2863354661363,167.4742889404297,50383100
2024-05-02,170.64962025703286,171.5498103000238,169.04709541575278,171.1640167236328,94214900
2024-05-03,184.637145231003,184.98337684032407,180.69018337477516,181.4024200439453,163224100
2024-05-06,180.38352481626606,182.21356516877455,178.47433028646978,179.75042724609375,78569700
2024-05-07,181.47164781905605,182.9060078076493,179.36462828599997,180.43296813964844,77305800
2024-05-08,180.87814724687024,181.09577596912635,179.49323582394607,180.7693328857422,45057100
2024-05-09,180.5912561815798,182.66861565405213,180.14611203583203,182.57958984375,48983000
2024-05-10,183.15410154420678,183.34230991411323,180.4102677646858,181.3215789794922,50759500
2024-05-13,183.68902280376187,185.33335221774516,182.8767582325011,184.52108764648438,72044800
2024-05-14,185.73944844741243,186.52199740854093,184.53096697721375,185.6602020263672,52393600
2024-05-15,186.13568203158255,188.849800179078,185.6007724639543,187.9285888671875,70400000
2024-05-16,188.67151097089564,189.29556710780693,187.86916171755817,188.04745483398438,52845200
2024-05-17,187.72059282106466,189.00832091255782,187.39370695143634,188.0771942138672,41282900
2024-05-20,187.54228461702792,190.10782534306233,187.22529890901677,189.2361297607422,44361300
2024-05-21,189.28565540299905,190.91016932460286,189.11726241831752,190.5337677001953,42309400
2024-05-22,190.45453220558076,190.99934196064652,188.47341681604038,189.0974578857422,34648500
2024-05-23,189.17667916140735,189.1964945447871,184.86776283091424,185.1154022216797,51005900
2024-05-24,187.0370913918068,188.7804673088457,186.26444256610336,188.18612670898438,36327000
2024-05-28,189.70166621887228,191.1776023727862,187.3144340702039,188.19602966308594,52280100
2024-05-29,187.8196530916493,190.43472491238563,187.7205912720781,188.49322509765625,53068000
2024-05-30,188.9587703074631,190.36536034504638,188.83000809203267,189.4837646484375,49889100
2024-05-31,189.63235836586054,190.7516933437122,188.11680637508078,190.43470764160156,75158300
2024-06-03,191.07855630297723,193.14883318833753,190.7021546904014,192.19789123535156,50080500
2024-06-04,192.80213237542046,193.47571940906454,191.2073340206378,192.51487731933594,47471400
2024-06-05,193.55494454203196,195.04078090785526,193.02995023528447,194.0205078125,54156800
2024-06-06,193.84224299284628,194.64459232913165,192.33659102362645,192.64366149902344,41181800
2024-06-07,192.8120444256859,195.08042995429523,192.3068654552658,195.03089904785156,53103900
2024-06-10,195.04081589339742,195.43704806418344,190.33566655763516,191.2965087890625,97010200
2024-06-11,191.82147267998263,205.20391549352811,191.8016724106265,205.19400024414062,172373300
2024-06-12,205.4119153142898,218.12077055688877,204.94635205432962,211.05810546875,198134300
2024-06-13,212.71233505249734,214.7033502990969,209.60198493072278,212.21705627441406,97862700
2024-06-14,211.8307404302917,213.13826855094433,209.30481562722255,210.48358154296875,70122700
2024-06-17,211.35527186274084,216.88258512602053,210.71141546378874,214.62411499023438,93728300
2024-06-18,215.53544497511416,216.56563344094587,210.9887887879192,212.2666015625,79943300
2024-06-20,211.90998899500866,212.2170745602359,206.87796947703916,207.7001190185547,86172500
2024-06-21,208.40340309586463,209.88923942625428,205.15437552925596,205.53079223632812,241805100
2024-06-24,205.75865018980198,210.69162338847192,204.63931513285507,206.1746826171875,80727000
2024-06-25,207.17516333199532,209.38411816731477,206.64026875624833,207.09593200683594,55549700
2024-06-26,209.5029286499739,212.8312027309874,208.65104852463386,211.2364044189453,66213200
2024-06-27,212.6628556479076,213.70294435668097,210.3449540327298,212.07843017578125,49772700
2024-06-28,213.73263728250333,214.02980761283354,208.3142855019514,208.63125610351562,82542700
2024-07-01,210.08735196554287,215.45617219578955,209.91895899194967,214.70335388183594,60402900
2024-07-02,214.109001990837,218.29907118476316,213.06892868617263,218.1901092529297,58046200
2024-07-03,217.92268618597842,219.4580535888672,216.9618440422543,219.4580535888672,37369800
2024-07-05,219.55710192478037,224.3117817727132,219.55710192478037,224.20281982421875,60412400
2024-07-08,224.945750993976,225.69858454124022,221.14201294311235,225.6688690185547,59085900
2024-07-09,225.77780318070188,227.23392416937492,224.23253562897796,226.52072143554688,48076100
2024-07-10,227.13486087511765,230.8791673967792,227.0853299721382,230.7801055908203,62627700
2024-07-11,229.20511032654306,230.19566787410835,223.63818174593294,225.4211883544922,64710600
2024-07-12,226.7584454352943,230.44332094014862,226.5207061684713,228.36314392089844,53046500
2024-07-15,234.24706826366577,234.9899864993383,230.88907844301437,232.18670654296875,62631300
2024-07-16,232.781045805997,234.03905824310993,230.1362587163494,232.60275268554688,43234300
2024-07-17,227.28346685481674,229.27449755440023,224.50000206743292,226.71885681152344,57345900
2024-07-18,228.10559381010606,228.2640866473074,220.1712331922365,222.0631866455078,66034600
2024-07-19,222.6971801635164,224.65848009632384,221.1717129043359,222.19198608398438,49151500
2024-07-22,224.86647978572938,225.62921338494564,220.98349573063444,221.8452911376953,48201800
2024-07-23,222.25138924131514,224.7971293607533,220.57734458918785,222.88534545898438,39960300
2024-07-24,221.88489130573666,222.67734036905603,215.07976577070053,216.4764404296875,61777600
2024-07-25,216.86279177043605,218.76467587085634,212.59349046705276,215.4364013671875,51391200
2024-07-26,216.6349499920164,217.41749898154802,213.9703475571551,215.90194702148438,41601300
2024-07-29,214.91137828370984,217.22927938341869,213.7127969665886,216.17929077148438,36311800
2024-07-30,217.12035622559256,218.2495914590453,214.07933666984098,216.73403930664062,41643800
2024-07-31,219.34907597117163,221.70660788092644,218.5467267386139,219.9830322265625,50036300
2024-08-01,222.25141811315143,222.36038006072013,214.97082835556836,216.2981719970703,62501000
2024-08-02,217.08069402896655,223.46980270062375,215.65430376795194,217.78399658203125,105568600
2024-08-05,197.210135996183,211.48407659683002,194.14931622004067,207.2940216064453,119548600
2024-08-06,203.3614702980554,208.00718767754023,199.1714160471065,205.2732391357422,69660500
2024-08-07,204.9463646139573,211.62272838414273,204.441185671316,207.83880615234375,63516400
2024-08-08,211.0977289070064,212.1774330540979,206.85814362500793,211.29583740234375,47161100
2024-08-09,210.09730322074367,214.73310620037486,209.9685258775167,214.19821166992188,42201600
2024-08-12,214.27752324509848,217.6889728146819,213.81142108338884,215.72540283203125,38028100
2024-08-13,217.19312608520667,220.04923895369578,217.19312608520667,219.43438720703125,44155300
2024-08-14,218.7402072098891,221.17979111862692,217.8774142480331,219.8806610107422,41960600
2024-08-15,222.73677426147512,223.48055242779947,220.9120269929499,222.85577392578125,46414000
2024-08-16,222.0624088054674,224.94827173921567,221.7946444270254,224.17474365234375,44340200
2024-08-19,223.84746435464618,224.11522871504155,221.18968933533225,224.01605224609375,40687800
2024-08-20,223.8970689622142,225.28544883578485,223.57971634413767,224.63092041015625,30299000
2024-08-21,224.64081959285892,226.08869912173634,223.1830133382552,224.5218048095703,34765500
2024-08-22,225.90029338876204,226.4457337259973,222.04256465043304,222.66734313964844,43695300
2024-08-23,223.78794161528415,226.32670158550764,222.46897340077524,224.95814514160156,38677300
2024-08-26,224.87885041051024,225.39454085782168,222.0326640536948,225.2953643798828,30602200
2024-08-27,224.1251624880706,226.95152567852384,223.02437015551794,226.13832092285156,35934600
2024-08-28,226.02922904592305,227.95313769677003,223.80780609600177,224.61109924316406,38052200
2024-08-29,228.1911079587391,230.9877055110041,226.98122780715832,227.8836669921875,51906300
2024-08-30,228.28039594132485,228.4886453526855,225.59287085733376,227.1002655029297,52990800
2024-09-03,226.65400042223428,227.10026429068756,219.335218503661,220.9219512939453,50190600
2024-09-04,219.82116129878526,219.94016096302124,215.67582978550038,219.01788330078125,43840200
2024-09-05,219.79142381839864,223.60947620664672,219.68233574260833,220.5352020263672,36615400
2024-09-06,222.0921834677133,223.37149053776395,217.94686659835045,218.9881591796875,48423000
2024-09-09,218.98812757352732,219.4343914347755,214.91222272734436,219.07737731933594,67180000
2024-09-10,217.1038662465979,219.6426263973432,214.93203178151688,218.28399658203125,51591000
2024-09-11,219.6228241682371,221.2392917639212,216.08243282408242,220.8128662109375,44587100
2024-09-12,220.6541869199912,221.69547936785247,217.9964268983011,220.9219512939453,37455600
2024-09-13,221.72521710949164,222.18139254741286,220.06907298412548,220.6541748046875,36766600
2024-09-16,214.74364320285497,215.41800999792326,212.14538277021938,214.52548217773438,59357400
2024-09-17,213.96016573653907,215.10061943149995,212.7205355758407,214.9915313720703,45519300
2024-09-18,215.745241460142,220.86243852013078,215.7353147340035,218.85919189453125,59894900
2024-09-19,223.12354184254357,227.91347512552952,222.76652771175563,226.97134399414062,66781300
2024-09-20,228.06222073119503,231.15633305592988,225.7317097608303,226.30690002441406,318679900
2024-09-23,225.4540253555904,227.54652178723228,223.9367191660146,224.59124755859375,54146000
2024-09-24,226.75314473243895,227.44734973367454,223.85737047004787,225.4837646484375,43556100
2024-09-25,223.06400902085235,225.40443143928672,222.16156973744518,224.4920654296875,42308700
2024-09-26,225.41436171300208,226.60440369502516,223.54004142995942,225.63253784179688,36636700
2024-09-27,226.56473891662026,227.61594290444046,225.41435845997736,225.90028381347656,34026000
2024-09-30,228.13162655878588,231.06707763671875,227.74486252768645,231.06707763671875,54541900
2024-10-01,227.6159583693189,227.74486962890148,221.88390914906273,224.3334197998047,63285000
2024-10-02,224.0160654907427,225.48378349827837,221.16987922367838,224.898681640625,32880600
2024-10-03,223.27226484855484,224.92840891217833,221.4673712198949,223.79786682128906,34044200
2024-10-04,226.00938361911108,226.10856009308668,222.27066963907552,224.91851806640625,37245100
2024-10-07,222.63757729885364,223.81770763530983,219.49387702101052,219.85089111328125,39505400
2024-10-08,222.43925780658088,224.10531361949606,221.3979653574062,223.89706420898438,31855700
2024-10-09,223.36153007501719,227.84403724277382,222.96485445261254,227.63577270507812,33591100
2024-10-10,225.8903660776275,227.59609839600836,225.2854259515482,227.13990783691406,28183500
2024-10-11,227.39779019694814,227.5068782710055,225.45404318616428,225.6623077392578,31759200
2024-10-14,226.80275797652766,229.80762063057296,226.70359663127624,229.38119506835938,39882100
2024-10-15,231.67201972311165,235.51983687729248,230.44230106244424,231.9100341796875,64751400
2024-10-16,229.67870875165642,230.19438406287304,227.9332995992129,229.85720825195312,34082200
2024-10-17,231.49350124327563,231.91003031839952,228.60765355789445,230.22412109375,32993800
2024-10-18,234.2206797118992,234.2206797118992,232.0686835146529,233.05047607421875,46431500
2024-10-21,232.5050454306036,234.88514457730523,232.5050454306036,234.51820373535156,36254500
2024-10-22,231.94969236544068,234.26036494372266,230.67040061866737,233.90335083007812,38846600
2024-10-23,232.13812257917175,233.18932661738793,225.87054472777703,228.8456573486328,52287000
2024-10-24,228.07212485007065,228.90516786821388,226.51515714412935,228.65724182128906,31109500
2024-10-25,227.83410560105818,231.2852316353655,227.66551771976023,229.49024963378906,38802300
2024-10-28,231.38442210065006,232.78271346714027,230.62080565968694,231.4637451171875,36087100
2024-10-29,231.1662428522856,232.38603471678388,230.39271482775456,231.73150634765625,35417200
2024-10-30,230.68030356750913,231.53316974412917,227.64569128136466,228.19113159179688,47070900
2024-10-31,227.43742665071557,227.92336713292326,223.5003599556127,224.035888671875,64370100
2024-11-01,219.1368672842602,223.4805363045207,218.44267740554844,221.06077575683594,65276700
2024-11-04,219.15668564471403,220.94174084677013,217.88730565861934,220.168212890625,44944500
2024-11-05,219.9599772111233,222.0921350198155,219.30544885909725,221.59628295898438,28111300
2024-11-06,220.76327216240406,224.19457534628128,219.35505401685137,220.8723602294922,54561100
2024-11-07,222.7665171269793,225.9895557457087,222.7070172967094,225.59286499023438,42137700
2024-11-08,225.53329235935942,227.01256271730918,224.77877343219782,225.32481384277344,38328800
2024-11-11,223.3789433198207,224.07389700260043,219.90415975706793,222.61448669433594,42005600
2024-11-12,222.93218846295187,223.96468891324545,221.75075962779928,222.61448669433594,40398300
2024-11-13,222.39605879884869,225.01703765642938,221.15506473467502,223.49806213378906,48566200
2024-11-14,223.39877260828746,227.22102491001456,223.37891246327882,226.57571411132812,44923900
2024-11-15,224.76884409236825,225.28510187679902,222.65420045885568,223.37893676757812,47923700
2024-11-18,223.62713486361545,228.08479108540536,223.54770942404784,226.37718200683594,44633700
2024-11-19,225.34467799276683,228.501774994788,225.02699136706502,226.63531494140625,36211800
2024-11-20,226.4168829534927,228.27340522879027,224.26251907255318,227.35011291503906,35169600
2024-11-21,227.2309725554499,228.50174921258224,224.08381355701644,226.87356567382812,42108300
2024-11-22,226.41686457306912,229.05770336713667,226.41686457306912,228.2138214111328,38168300
2024-11-25,229.79238523732437,231.56948199204686,228.0847762696763,231.1922149658203,90152800
2024-11-26,231.6489234928732,233.87279036398945,231.6489234928732,233.366455078125,45986200
2024-11-27,232.78068842055708,233.99189975911068,232.12543996222107,233.23736572265625,33498400
2024-11-29,233.11826871739834,236.09665470361549,232.28432427698263,235.6201171875,28481400
2024-12-02,235.5605532676808,239.0551819380818,235.45134517492735,237.86383056640625,48137100
2024-12-03,238.08222901174219,241.01097200063165,237.17878168890522,240.90176391601562,38861000
2024-12-04,241.12017980186528,242.35125137710352,239.51185632927692,241.25917053222656,44383900
2024-12-05,242.2321233137982,242.77814859306412,240.38552350615552,241.28895568847656,40033900
2024-12-06,241.15989600483465,242.86750503393802,240.33587413565135,241.09039306640625,36870600
2024-12-09,240.08767817050534,245.45870413211114,240.0082527322972,244.97222900390625,44649200
2024-12-10,245.11121388943334,246.4217108653419,243.57237825215392,245.98487854003906,36914800
2024-12-11,246.17353693536344,248.99307203962232,244.48577275361333,244.71412658691406,45205800
2024-12-12,245.11122473397327,246.9479020514793,243.9099357862414,246.17352294921875,32777500
2024-12-13,246.03453629863122,247.4939314395242,244.46591792091505,246.34230041503906,33155300
2024-12-16,246.20327957624434,249.56885459541954,245.86571770543418,249.23129272460938,51694800
2024-12-17,248.27824960945253,252.00123197197036,247.98040799068028,251.65374755859375,51356400
2024-12-18,250.343283238806,252.44800456803839,245.9551295369763,246.2628936767578,56774100
2024-12-19,245.71683140567848,250.184410158509,245.3097817058068,247.99032592773438,60882300
2024-12-20,246.25295201238012,253.1628143156686,243.91989202858784,252.656494140625,147495300
2024-12-23,252.93446477293034,253.80811434244586,251.6239676953758,253.4308624267578,40858800
2024-12-24,253.64927033575188,256.34965954757746,253.45069916161225,256.3397521972656,23234700
2024-12-26,256.32983230675023,258.2260750496306,255.77386933789322,257.1538391113281,27237100
2024-12-27,255.9724022209019,256.8361595932908,251.23677948504655,253.74855041503906,42355300
2024-12-30,250.41276299480816,251.67361731138075,248.9434301413362,250.3829803466797,35557500
2024-12-31,250.6212497119267,251.4551941340452,247.63292614272083,248.6157989501953,39480700
2025-01-02,247.1365264348607,247.3053149666319,240.07776640397734,242.0931396484375,55740700
2025-01-03,241.6066436767578,242.42072787413275,240.14723350152744,241.6066436767578,40244100
2025-01-06,242.5498168429892,245.54806288478193,241.4478134561986,243.23484802246094,45045600
2025-01-07,241.22937670987722,243.78086767976055,239.6111308132576,240.46493530273438,40856000
2025-01-08,240.17702168463396,241.95413364050106,238.32049944087447,240.95140075683594,37628900
2025-01-10,238.28079154222544,238.4297199246896,231.32130202918376,235.14356994628906,61710900
2025-01-13,231.84748509521594,232.9792711307645,228.06493742769467,232.71121215820312,49630700
2025-01-14,233.05869925952226,234.41882398797216,230.79512716232853,231.5992889404297,39435300
2025-01-15,232.94947976770305,237.2383625727966,232.74098609709984,236.1562042236328,39832000
2025-01-16,235.6399687194268,236.29520209930612,226.3871093224655,226.61544799804688,71759100
2025-01-17,230.44764042021458,230.6164138035219,226.833866130533,228.32305908203125,68488300
2025-01-21,222.38613659782595,222.8031087860845,217.79942737812888,221.0359344482422,98070400
2025-01-22,218.2064751614249,222.5052806842356,218.2064751614249,222.21737670898438,64126500
2025-01-23,223.12083531174778,225.3943300272927,220.69841220245485,222.04861450195312,60234800
2025-01-24,223.160517277336,224.00439930767484,219.81480209957203,221.1749267578125,54697900
2025-01-27,222.4059977899183,230.47741293083342,222.36627749626697,228.20391845703125,94863400
2025-01-28,229.1868093297106,238.45951413038736,229.1470890329199,236.5434112548828,75707600
2025-01-29,232.43322998057818,238.13188043636077,232.32402189200354,237.63548278808594,45486100
2025-01-30,236.95045561956258,239.05517683623282,235.50098294542886,235.87823486328125,55658300
2025-01-31,245.4090800423025,245.4090800423025,231.7581442550369,234.29969787597656,100959800
2025-02-03,228.33297872450572,230.15971829856622,224.0738787357251,226.3672332763672,73063300
2025-02-04,225.61272492539547,231.45036595591674,225.01704170433482,231.12274169921875,45067300
2025-02-05,226.8835194075747,230.9936915376493,226.62539807097704,230.79513549804688,39620300
2025-02-06,229.62360070928509,232.11552641696264,228.76979621063217,231.53970336914062,29925300
2025-02-07,230.92419948813392,232.31410688860944,225.622660920367,225.99000549316406,39707200
2025-02-10,228.16662274990708,229.18037646801733,225.8111004860379,226.2583465576172,33115600
2025-02-11,226.8049592810601,233.7919821040532,226.7353950927951,231.19793701171875,53718400
2025-02-12,229.78661520122571,235.51141262786788,229.26978984120754,235.4219512939453,45243300
2025-02-13,235.46174477414044,240.85854326211725,234.12993999243653,240.05349731445312,53614100
2025-02-14,239.77517912233392,244.04889519264196,239.51677402617887,243.10470581054688,40896200
2025-02-18,242.6574585849239,243.6811607859394,240.36158248040348,242.9755096435547,48822500
2025-02-19,243.16435439309654,244.50609250836237,241.6735241546838,243.37306213378906,32204200
2025-02-20,243.44265077076676,245.2713989598738,242.7966152101895,244.32720947265625,32316900
2025-02-21,244.44645306890683,247.1697083342209,243.72091995824803,244.0489044189453,53197400
2025-02-24,243.432668958948,247.33865168523945,242.92579218735634,245.58941650390625,51326400
2025-02-25,246.48395378064242,248.47172760145406,243.41284686721102,245.52981567382812,48013300
2025-02-26,242.8363877176575,243.48240813544444,237.66817887883008,238.89065551757812,44433600
2025-02-27,237.94643641845556,240.97779411500133,235.61079643123784,235.84933471679688,41153600
2025-02-28,235.5014815283524,240.61005923211764,228.7927454203557,240.36158752441406,56833400
2025-03-03,240.31189930334125,242.53821134874983,234.66662916873,236.57489013671875,47184000
2025-03-04,236.25684921580154,238.60242278275774,233.24535811530478,234.4877166748047,53798100
2025-03-05,233.98083809185871,235.1039350742086,227.82867612475383,234.29888916015625,47227600
2025-03-06,233.00684447444675,236.4059358119138,231.73467047090975,233.8914031982422,45170400
2025-03-07,233.67272217403436,239.8944479764648,233.3248557337566,237.6085205078125,46273600
2025-03-10,234.10009611136832,234.71631625547707,222.84930513729455,226.08937072753906,72071200
2025-03-11,222.44182022291236,224.45940937640347,216.12069905845206,219.48997497558594,76137400
2025-03-12,218.7942505386503,220.39440897367027,213.5962265598192,215.653564453125,62547500
2025-03-13,214.6298526174969,215.5144112677834,207.14588618522245,208.39817810058594,61368300
2025-03-14,209.95857893569573,212.64207016591416,208.29878985935505,212.1848907470703,60107600
2025-03-17,212.00598815128762,213.904315554563,208.6864099217596,212.6917724609375,48073400
2025-03-18,212.8507852105428,213.8347233648863,210.1971094678613,211.3897705078125,42432400
2025-03-19,212.91042558181826,217.42266485537363,212.44329758558237,213.9241943359375,54385400
2025-03-20,212.6818553101102,216.16045933121794,210.92267131595005,212.7911834716797,48862900
2025-03-21,210.26668206389348,217.50217651661012,209.98839498228966,216.9356689453125,94127800
2025-03-24,219.64899945464327,220.1260609084734,217.24379503613238,219.38064575195312,44299500
2025-03-25,219.4204082670252,222.73005335992565,218.73462390108503,222.38218688964844,34493600
2025-03-26,222.14365782695532,223.6444367672013,219.12224829293882,220.17576599121094,34466100
2025-03-27,220.03661426059983,223.61461307047793,219.21168633594712,222.48158264160156,37094800
2025-03-28,220.3149207342541,222.44183822329748,216.34930630191351,216.56796264648438,39818600
2025-03-31,215.683368745432,224.24073468961828,214.90813825561798,220.77207946777344,65299300
2025-04-01,218.46626491168394,222.31260214779184,217.5618242432653,221.8256072998047,36412700
2025-04-02,219.96706548863506,223.81340310480923,219.66889637265393,222.52134704589844,35905900
2025-04-03,204.2834701562562,206.22156139646,200.01970279192506,201.94784545898438,103419000
2025-04-04,192.7047355778497,198.658123727335,186.19477317599058,187.22842407226562,125910900
2025-04-07,176.11674047268428,192.96311894309866,173.55251067175698,180.3507080078125,160466300
2025-04-08,185.55866963100107,189.17641711488596,168.175598539417,171.365966796875,120859500
2025-04-09,170.8988481608281,199.38365014436008,170.8392173737498,197.63441467285156,184395900
2025-04-10,187.9141974958541,193.5892830219747,181.88129692496375,189.2559356689453,121880000
2025-04-11,184.96233608452022,198.32016168749274,184.92257212057936,196.93865966796875,87435900
2025-04-14,210.14743595954587,211.63826622013798,199.9302804535287,201.28196716308594,101352900
2025-04-15,200.62597928160577,202.26588634734406,198.5785750100267,200.90426635742188,51343900
2025-04-16,197.1473909296092,199.47308245703653,191.19400339685228,193.0823974609375,59732400
2025-04-17,195.9944894564487,197.61452992177487,193.2314851467638,195.7758331298828,52164700
2025-04-21,192.08851517151226,192.6152739871965,188.64966000796989,191.97918701171875,46742500
2025-04-22,194.92107095045932,200.35763286451953,194.7719939992729,198.51895141601562,52976400
2025-04-23,204.7406939661261,206.72846769395255,201.56025903470575,203.34925842285156,52929200
2025-04-24,203.6374995339798,207.5534166002877,201.6994229864575,207.09622192382812,47311000
2025-04-25,205.10842646651815,208.46776890662989,204.9394675201618,208.00064086914062,38222300
2025-04-28,208.71621839949725,210.2070485309222,206.19175271644127,208.85536193847656,38743100
2025-04-29,207.41425458581946,210.94255602883885,207.096203506044,209.91885375976562,36827600
2025-04-30,208.0205233254963,212.2743578831654,205.4065960245207,211.20095825195312,52286500
2025-05-01,207.80185982414434,213.2483553954001,207.62295230903422,212.0159454345703,57365700
2025-05-02,204.83013207172814,205.72463931330321,200.92416412992952,204.09466552734375,101010600
2025-05-05,201.85841873478097,202.85230555244996,196.99831280299983,197.6741485595703,69018500
2025-05-06,196.9983091053983,199.42338015596502,195.81558138809015,197.2964630126953,51216500
2025-05-07,197.95245621671936,198.22080993170667,192.0686474648251,195.05030822753906,68536700
2025-05-08,196.51130456752412,198.82706269335065,193.48988012199126,196.28271484375,50478900
2025-05-09,197.7834732241415,199.31405222350435,196.3323918231404,197.31634521484375,36453900
2025-05-12,209.95529571222096,210.25385583490154,205.75559149327006,209.77615356445312,63775800
2025-05-13,209.4178625594749,212.3735786127325,207.99474788922345,211.9058380126953,51909300
2025-05-14,211.40822571910564,212.9109724892217,209.56713314477625,211.3087158203125,49325800
2025-05-15,209.93535780893234,211.93569971673273,208.53213606160298,210.43295288085938,45029500
2025-05-16,211.33859654598928,211.54759317457453,208.76105751069144,210.24388122558594,54737900
2025-05-19,206.90999202317107,208.47243269467637,203.2775387890809,207.7758026123047,46140500
2025-05-20,206.67113760639387,207.46729276724128,204.04383620537516,205.8650360107422,42496600
2025-05-21,204.1831685508297,206.04416933851562,199.74462882701684,201.11798095703125,59211800
2025-05-22,199.74461200022,201.77479312617928,198.73946027881726,200.3914794921875,46742400
2025-05-23,192.7384848883374,196.74910019358438,192.5295034494263,194.33079528808594,78432900
2025-05-27,197.34620772495165,199.77447409530296,196.48038197740732,199.2470245361328,56288500
2025-05-28,199.6252046868552,201.75491117265972,198.93852099816252,199.45602416992188,45339700
2025-05-29,202.60081106845576,202.8297005493605,197.55518975609246,198.98826599121094,51396800
2025-05-30,198.4110493394953,200.98860329086406,195.83351057352263,199.88394165039062,70819900
2025-06-02,199.31667499872813,201.15778278546435,199.15744093584797,200.72984313964844,35423300
2025-06-03,200.38153417950807,202.78989241693247,199.99341064507593,202.29229736328125,46381600
2025-06-04,201.93404589483336,205.24803106286797,201.12794426741362,201.844482421875,43604000
2025-06-05,202.5212149488215,203.76520275563243,199.18732155240895,199.66502380371094,55126100
2025-06-06,202.0236053289331,204.7106157617459,201.07817770068002,202.93917846679688,46607700
2025-06-09,203.40692547634254,205.0091823144686,199.05794913802782,200.48106384277344,72862600
2025-06-10,199.63515466910712,203.36711781582227,199.60530017876516,201.6951904296875,54672600
2025-06-11,202.5211970741936,203.51638723180633,197.45568281643992,197.8238983154297,60989900
2025-06-12,198.12244911144163,198.71955406677787,196.410720905765,198.2418670654297,43904600
2025-06-13,198.7693188209708,199.4062398916536,194.758703844025,195.50509643554688,51447300
2025-06-16,196.35101387226533,197.73432753277095,195.61456771612566,197.4656219482422,43020700
2025-06-17,196.2514839890114,197.43576263348734,194.27106541566712,194.69898986816406,38856200
2025-06-18,194.9975546383106,196.6197193940347,194.13174409281177,195.6344757080078,45394700
2025-06-20,197.28649906078425,200.72984844555882,195.9131318065836,200.03321838378906,96813500
2025-06-23,200.6602023375907,201.3269779408771,198.00304635957568,200.53082275390625,55814300
2025-06-24,201.61555699715424,202.4614746491071,199.23705328583006,199.33657836914062,54064000
2025-06-25,200.48105886821313,202.690382284235,199.65504919597097,200.5905303955078,39525700
2025-06-26,200.4611428555203,201.66532960796235,198.50063224789568,200.03321838378906,50799100
2025-06-27,200.91892502298623,202.2425296541318,199.03801637565215,200.11282348632812,73188600
2025-06-30,201.03834688076608,206.39247448465787,198.30157410241034,204.1831512451172,91912800
2025-07-01,205.6759415551798,209.17901505124104,205.1484920031366,206.82041931152344,78788900
2025-07-02,207.90519262679368,212.31387801499196,207.13889190503232,211.418212890625,67941800
2025-07-03,211.12959751601144,213.61757304735917,210.79123648824356,212.5228729248047,34955800
2025-07-07,211.65703516300363,215.18996325511674,207.79570768244494,208.94017028808594,50229000
2025-07-08,209.08947184941582,210.41306148236814,207.44739887083225,208.99989318847656,42848900
2025-07-09,208.52219391164948,210.31353924447487,206.22330706177223,210.12445068359375,48749400
2025-07-10,209.49746585002458,212.45318170934252,209.01977884626095,211.38833618164062,44443600
2025-07-11,209.55720483784353,211.10969909895366,208.8506131239295,210.1443634033203,39765800
2025-07-14,208.92025854176603,209.89555581124029,206.54175471753558,207.61656188964844,38840100
2025-07-15,208.21368905566166,210.87084499335577,207.9151289669034,208.10421752929688,42296300
2025-07-16,209.28849593835915,211.37838618562168,207.63647661047767,209.149169921875,47490500
2025-07-17,209.5571995447156,210.78127919114968,208.58190225319882,209.0098419189453,48068100
2025-07-18,209.85575432940058,210.77132749863404,208.6913836081342,210.1642608642578,48974600
2025-07-21,211.07983063398711,214.74212298846783,210.61209006251647,211.45799255371094,51377400
2025-07-22,212.11484021935428,213.91613206526756,211.20921348603295,213.3687744140625,46404100
2025-07-23,213.96588230147148,214.11515474984876,211.38834345684663,213.11996459960938,46989300
2025-07-24,212.87116805528336,214.65256693634578,212.50295255730364,212.73184204101562,46022600
2025-07-25,213.6673206036272,214.2047317845148,212.37357038101962,212.8512725830078,40268800
2025-07-28,213.00055398053098,213.81661722083774,212.03521828670327,213.0204620361328,37858000
2025-07-29,213.14982178903043,213.7767964509494,209.80599741985404,210.2538299560547,51411700
2025-07-30,210.88079278566187,211.36844143995228,206.72090512781878,208.0445098876953,45512500
2025-07-31,207.48718253646683,208.83068001568543,206.16357792510368,206.5716094970703,80698400
2025-08-01,209.8557561748323,212.5527283441607,200.530828701964,201.40660095214844,104434500
2025-08-04,203.5263267271778,206.88012777005082,200.70993685491413,202.37191772460938,75109300
2025-08-05,202.42168730403617,204.35235878558626,201.18766113385618,201.94400024414062,44155100
2025-08-06,204.6409599471833,214.3440641251077,204.60114383647723,212.22430419921875,108483100
2025-08-07,217.82723230897543,219.78775818606874,215.53829184895108,218.97169494628906,90224800
2025-08-08,219.76784743364436,229.88892965735022,218.19544514014734,228.2468719482422,113854000
2025-08-11,227.08116933177635,228.71513292468896,223.9327956372812,226.34388732910156,61806100
2025-08-12,227.17083074525974,229.95057099439725,226.23430307406312,228.80479431152344,55626200
2025-08-13,230.21956052334866,234.1350889692748,229.5819014312059,232.4712371826172,69878500
2025-08-14,233.1985666998313,234.25466305951576,230.0003892485326,231.92327880859375,51916300
2025-08-15,233.1387895567921,233.417757832359,228.49593650929467,230.73765563964844,56038700
2025-08-18,230.8472538899505,232.26202593201924,229.26310933608104,230.0402374267578,37476200
2025-08-19,230.42880766374827,232.0129522601839,228.50591803460907,229.71145629882812,39402600
2025-08-20,229.13358225147155,229.6217843388592,224.93908515924198,225.17819213867188,42263900
2025-08-21,225.43724912794482,225.68632903786573,222.9564077521854,224.07228088378906,30621200
2025-08-22,225.33760837029214,228.2468598588307,224.58041092619504,226.9217529296875,42477800
2025-08-25,225.6464693442017,228.45609804536198,225.3973894325087,226.323974609375,30983100
2025-08-26,226.03501179732243,228.64537936019502,223.8630424721864,228.46603393554688,54575100
2025-08-27,227.76862267507164,230.05018785299507,227.41990473660533,229.64170837402344,31259500
2025-08-28,229.9704999102399,232.55096405412047,228.4959359400532,231.70408630371094,38074700
2025-08-29,231.65426265633033,232.52107103838586,230.51845893056873,231.28562927246094,39418400
2025-09-02,228.4062708029861,230.00038826150748,226.1346633063032,228.87454223632812,44075600
2025-09-03,236.33698891571112,237.9709525201245,233.49747185558658,237.59234619140625,66427800
2025-09-04,237.57239985348932,239.0170601981439,235.8687018920251,238.8975067138672,47549400
2025-09-05,239.1167027112504,240.43185187342493,237.61226559630578,238.80784606933594,54870400
2025-09-08,238.41928864081726,239.2661511981365,235.47017586985078,237.0045166015625,48999500
2025-09-09,236.12775932745953,237.90120710535396,232.5011563745861,233.48751831054688,66313900
2025-09-10,231.33547301291114,231.56462228661692,225.11843262708078,225.95533752441406,83440800
2025-09-11,226.04500979013486,229.60186307827533,225.81584532196928,229.18341064453125,50208600
2025-09-12,228.37638560886936,233.6469097348115,228.17712472443904,233.2085418701172,55824200
2025-09-15,236.12775635652346,237.31337916896246,234.16500543557729,235.828857421875,42699500
2025-09-16,236.30706734003456,240.33220689969463,235.45024710789585,237.27349853515625,63421100
2025-09-17,238.09051246512186,239.21635855568803,236.85507060288438,238.11044311523438,46508000
2025-09-18,239.08682096339746,240.31228984200703,235.77903252032195,237.0045166015625,44249600
2025-09-19,240.342162048153,245.3935094903633,239.32592704772566,244.59645080566406,163741300
2025-09-22,247.38616206443075,255.69547916115815,247.2068166293636,255.13751220703125,105517400
2025-09-23,254.93828225227924,256.3929004583055,252.64674396870498,253.4936065673828,60275200
2025-09-24,254.28068708944184,254.7987775332095,250.11606329601622,251.3813934326172,42303700
2025-09-25,252.27808820484515,256.22352044118514,250.7836088309123,255.9246063232422,55202100
2025-09-26,253.16481067495934,256.6519291955366,252.84598111295833,254.51980590820312,46076300
2025-09-29,253.6231329894407,254.06151607705354,252.07883445903423,253.4936065673828,40127700
2025-09-30,253.9220050782957,254.97810138533342,252.1784458386236,253.69285583496094,37704300
2025-10-01,254.10134722927504,257.83756097799323,253.9917514638179,254.5098419189453,48713900
2025-10-02,255.63569123318152,257.22980880920034,253.21464169746508,256.1836853027344,42630200
2025-10-03,253.73271197999827,258.2858846694617,253.01536064819075,257.07037353515625,49155600
2025-10-06,257.0404883747525,258.1165305885388,254.1113214696764,255.7452850341797,44664100
2025-10-07,255.86484387966763,256.45266881763376,254.48991791397023,255.53607177734375,31955800
2025-10-08,255.5758888188916,257.56852798749276,255.16739414069707,257.1102294921875,36496900
2025-10-09,256.8611554198282,257.0504585775582,252.2083446799687,253.1050262451172,38322000
2025-10-10,254.00171816056968,255.436420799504,243.10197943699816,244.3673095703125,61999100
2025-10-13,248.46219085423505,248.7710475029622,244.6562426215344,246.74851989746094,38142900
2025-10-14,245.69243161385845,247.9341508249242,243.79941515849077,246.85812377929688,35478000
2025-10-15,248.57177456170203,250.89320098009676,246.55920477705152,248.4223175048828,33893600
2025-10-16,247.33635013275978,248.1234359576197,244.22783772705108,246.53929138183594,39777000
2025-10-17,247.1072067041429,252.4474806979352,246.3599669580113,251.36148071289062,49147000
2025-10-20,254.94822099113512,263.4069798400544,254.68918336894043,261.27484130859375,90483000
2025-10-21,260.9161783410852,264.3136317818121,260.86634411857244,261.8028869628906,46695900
2025-10-22,261.6833338430701,261.882609922878,254.4899051977633,257.4988098144531,45015300
2025-10-23,258.98329410338334,259.66078406832133,257.06040475940137,258.6246032714844,32754900
2025-10-24,260.2287466983284,263.1579290692685,258.2261343576155,261.8527526855469,38253700
2025-10-27,263.90517991319996,268.12956591820625,263.67601542509226,267.8207092285156,44888200
2025-10-28,268.00000632210845,268.89671830922975,267.1631014853557,268.0099792480469,41534800
2025-10-29,268.28896033752676,270.41112610592455,266.126933268734,268.7074279785156,51086700
2025-10-30,270.98897852374654,273.131090148023,267.49191714200913,270.4011535644531,69886500
2025-10-31,275.9705701844509,276.29937269597025,268.16940070155243,269.37493896484375,86167100
2025-11-03,269.424736694289,269.8531467885877,265.2700709373508,268.05975341796875,50194600
2025-11-04,267.3424445625432,270.49081837885313,266.6350661079627,269.0461730957031,49274800
2025-11-05,267.6214146886098,270.7000692568828,265.94760492323326,269.14581298828125,43683100
2025-11-06,266.90407480138714,272.3937751745226,266.90407480138714,268.7771301269531,51204000
2025-11-07,268.80702532983145,271.2878818962731,265.7881780523408,267.48193359375,48227400
2025-11-10,268.22988302493957,272.9869540449525,266.7339548671466,268.6986083984375,41312400
2025-11-11,269.0776024957972,275.1610502271484,269.06761990152603,274.5028381347656,46208300
2025-11-12,274.25347600982695,274.9815052844664,270.9624464716027,272.7276306152344,48398000
2025-11-13,273.36590026791555,275.9488963676571,271.3513946141157,272.2090759277344,49602800
2025-11-14,270.31420819279356,275.21088338895913,268.8681625557137,271.6705322265625,47431300
2025-11-17,268.09027174019775,269.7557213346742,265.00866346949266,266.73394775390625,45018300
2025-11-18,269.2570854665072,269.9751321987233,264.59977951795884,266.7140197753906,45677300
2025-11-19,264.80918960656476,271.47104873805114,264.77927226211665,267.8309631347656,40424500
2025-11-20,270.09480618650156,274.68232536305425,265.1981613886433,265.5272521972656,45823600
2025-11-21,265.22808167538,272.5880228442522,264.9488429624803,270.7530212402344,59030800
2025-11-24,270.164627965921,276.24807542504453,270.164627965921,275.1710205078125,65585800
2025-11-25,274.52274228722064,279.6188865292943,274.5028075356392,276.2181396484375,46914200
2025-11-26,276.2081750495132,278.7712060098946,275.8790842359358,276.79656982421875,33431400
2025-11-28,276.5073375714406,278.2426042891834,275.2407657367699,278.093017578125,20135600
2025-12-01,277.255303275414,282.650620542313,275.390384584981,282.33148193359375,46587700
2025-12-02,282.231773534172,286.619823290159,281.86278279875575,285.4131164550781,53669500
2025-12-03,285.4231155973949,287.8365294074879,282.5309633672564,283.378662109375,43538700
2025-12-04,283.32881389666403,283.9571086251454,277.8337611056945,279.93804931640625,43989100
2025-12-05,279.77848663840757,280.37686403379615,277.29522501275557,278.02325439453125,47265800
2025-12-08,277.374989388386,278.9108174051644,275.4003533668138,277.1356506347656,38211800
2025-12-09,277.40493251311347,279.2698514894354,276.16830825817004,276.4275817871094,32193300
2025-12-10,276.99605153243056,278.9906225605669,275.6896099437804,278.02325439453125,33038300
2025-12-11,278.342340640522,278.83100071126506,273.06669274298736,277.2752380371094,33248000
2025-12-12,277.14562382282355,278.4620479370953,276.0685689150702,277.52459716796875,39532900
2025-12-15,279.3894873363706,279.3894873363706,272.0993337942639,273.3658752441406,50409100
2025-12-16,272.07941349564567,274.752131096348,271.0522107383373,273.8645324707031,37648600
2025-12-17,274.2634587890498,275.41033087528734,270.9026119684932,271.10205078125,50138700
2025-12-18,272.86723904028526,272.8872042261758,266.22534517191764,271.45111083984375,51630700
2025-12-19,271.4112306527045,273.8545921928022,269.1673383776201,272.9271240234375,144632000
2025-12-22,272.1193204151364,273.1365711538121,269.775723721713,270.2344665527344,36571800
2025-12-23,270.1048034873943,271.7603010837797,268.8282792538215,271.62066650390625,29642000
2025-12-24,271.60073103225574,274.68233959340455,271.46112688748974,273.0667419433594,17910600
2025-12-26,273.4157529954652,274.6224597374741,272.11926379011726,272.6578063964844,21521800
2025-12-29,271.9497734782625,273.61522314661676,271.6107000753325,273.0168762207031,23715200
2025-12-30,272.06942798009953,273.3359694836473,271.54086793463244,272.33868408203125,22139600
2025-12-31,272.3187639976345,272.9370761103812,271.0123224859311,271.12200927734375,27293600
2026-01-02,271.52092924369913,277.0857683126949,268.2697691424855,270.2743225097656,37838100
2026-01-05,269.9053450243044,270.7729784841199,265.41756056202854,266.5345153808594,45647200
2026-01-06,266.27521573774703,266.82371056256306,261.40845786144683,261.6477966308594,52352100
2026-01-07,262.48552563718374,262.964203143993,259.1047135716701,259.623291015625,48309800
2026-01-08,256.32231677215987,258.5861744106298,255.00590778144198,258.33685302734375,50419300
2026-01-09,258.3767027680543,259.5036402038468,255.52448097015204,258.6659240722656,39997000
2026-01-12,258.45648066308013,260.5906555331263,256.1028713590674,259.54351806640625,45263800
2026-01-13,258.0176775418968,261.0992857475004,257.6885867541948,260.3413391113281,45730800
2026-01-14,258.78560808748875,261.10930037675524,256.0131555781144,259.25433349609375,40019400
2026-01-15,259.9424426175537,260.3313985459844,256.35220896361545,257.5090637207031,39388600
2026-01-16,257.1999111311508,258.1971965798445,254.23797213114116,254.8363494873047,72142800
2026-01-20,252.04394930256512,254.09835490933511,242.75922413209136,246.0303192138672,80267500
2026-01-21,248.02490552393743,250.8771427168815,244.51445623630568,246.97775268554688,54641700
2026-01-22,248.52352576906395,250.31864258405668,247.47637302553753,247.67584228515625,39708300
2026-01-23,246.6486524137701,248.7329754164565,244.01580413580567,247.36668395996094,41689000
2026-01-26,250.7973351598156,255.86354695988197,249.12190294519746,254.7166748046875,55969200
2026-01-27,258.4664593428383,261.23891141767155,257.50904348719195,257.5688781738281,49648300
2026-01-28,256.9505880888889,258.1572949521919,253.81911240916085,255.74388122558594,41288000
2026-01-29,257.29964922744847,258.94516415300217,253.7193980705993,257.5788879394531,67253000
2026-01-30,254.47732177254832,261.1890484668085,251.49543285360957,258.775634765625,92443400
2026-02-02,259.3241487899344,269.7557466562268,258.50636737104884,269.2770690917969,73913400
2026-02-03,268.4692659190308,271.1419837262723,266.88355520832346,268.7485046386719,64394700
2026-02-04,271.5508603406617,278.19278500760885,271.5508603406617,275.73944091796875,90545700
2026-02-05,277.3749854862336,278.7412615768201,272.48829324857786,275.1610107421875,52977400
2026-02-06,276.3677353153735,280.14745564173626,276.1782486476445,277.3650207519531,50453400
2026-02-09,277.41494619870406,277.70443813431814,271.2160169672847,274.13079833984375,44623400
2026-02-10,274.40031021957236,274.87943562430115,272.4537718732244,273.19244384765625,34376900
2026-02-11,274.2106536370846,279.6808719096702,273.9610989943363,275.00921630859375,51931300
2026-02-12,275.0990585104662,275.22883180172755,259.71650632997444,261.2637634277344,81077200
2026-02-13,261.5432690161623,261.7628783299504,254.9949421084194,255.32435607910156,56290700
2026-02-17,257.5903108294174,265.8156532326085,255.08478749757862,263.4099426269531,58469100
2026-02-18,263.13045584681157,266.3447212846438,261.9825104325609,263.8791198730469,34203300
2026-02-19,262.13220471573277,264.00886051677537,259.5867290635135,260.11578369140625,30845300
2026-02-20,258.50868117461044,264.2783836675007,257.7001265171608,264.1086730957031,42070500
2026-02-23,263.0206001676805,268.95002088588865,262.91081074777924,265.705810546875,37308200
2026-02-24,267.38283777638213,274.4003442568012,267.233111068832,271.6552429199219,47014600
2026-02-25,271.29586819299504,274.45024283739696,270.567157599074,273.74151611328125,33714300
2026-02-26,274.4602128097023,275.61811956353745,270.31758130113775,272.4637756347656,32345100
2026-02-27,272.3240439665745,272.3240439665745,262.4217314181026,263.70941162109375,72366500
2026-03-02,261.94253069595567,266.05518620599753,259.73647625260065,264.2484130859375,41827900
2026-03-03,263.0106738027697,265.08695529305965,259.6666350681776,263.2801818847656,38568900
2026-03-04,264.17854815272653,265.67587606267574,260.95432154975975,262.0523376464844,39803100
2026-03-05,260.3254337562426,261.09405110124777,256.79173142961054,259.8263244628906,49658600
2026-03-06,258.16927189629365,258.3090066542827,253.916851068475,257.0013427734375,41120000
2026-03-09,255.2345148744848,260.68477987096253,253.22808575123491,259.41705322265625,38218500
2026-03-10,257.19102845716964,262.01244158439727,256.4922936817907,260.3653564453125,30590800
2026-03-11,260.624897946549,261.6630538494394,259.08763272962494,260.34539794921875,26218900
2026-03-12,258.1992408199258,258.48873275942157,253.7272102811576,255.3043975830078,40794000
2026-03-13,255.024890934378,255.87336762960538,249.07551643845036,249.6744384765625,36930000
2026-03-16,251.66090222791988,253.43773019062647,249.4348789230203,252.36964416503906,32074200
2026-03-17,252.5093881906664,254.67552076289968,251.7307636559193,253.77711486816406,32361600
2026-03-18,252.1799767808244,254.48585937367065,248.55643828829037,249.49476623535156,35757900
2026-03-19,248.95572868612365,251.38140795985734,246.85947863088072,248.5165252685547,34864100
2026-03-20,247.53824109812177,248.75606899357115,245.56177255944445,247.54823303222656,88331100
2026-03-23,253.51758537106093,254.14646797882926,249.83415620831627,251.04200744628906,40546100
2026-03-24,249.90403139868116,254.37604644028636,249.10545347620703,251.1917266845703,45152300
2026-03-25,253.6473574345128,254.5457480998694,251.15181088451408,252.16998291015625,28476700
2026-03-26,251.67088153367666,256.5421934269488,250.32329549316128,252.43951416015625,41796700
2026-03-27,253.4477020992108,255.03488128462607,247.6281009352486,248.35679626464844,47900000
2026-03-30,249.62453299565456,250.4230956915925,245.07264337813007,246.19065856933594,39446200
2026-03-31,247.4683905467953,255.02489784868362,246.65983587287727,253.33790588378906,49598100
2026-04-01,253.6273948962928,255.72364490973627,252.8787309132899,255.1746368408203,40059400
2026-04-02,253.74717405681358,255.6737439434535,250.20349485503914,255.464111328125,31289400
2026-04-06,256.0530752925303,261.6930045642991,256.0031460821725,258.39886474609375,29329900
2026-04-07,255.70368128016966,255.7436185540334,245.2623079794448,253.0484161376953,62148000
2026-04-08,257.9896321241455,259.28730423338584,256.07303883918246,258.4388122558594,41032800
2026-04-09,258.5386343954405,260.6548530924392,255.61386101634736,260.0259704589844,28121600
2026-04-10,259.5168819122501,261.7229364827484,258.5585701252562,260.0159912109375,31291500
2026-04-13,259.2673359057164,259.71651601158027,256.2027973984465,258.73828125,36234700
2026-04-14,258.7881922504944,261.4634109961452,256.7318642110386,258.3689270019531,48370700
2026-04-15,257.7001261657452,266.08515659729386,257.35074355126085,265.95538330078125,49913500
2026-04-16,266.3247234477873,266.68409800240715,260.80457553569033,262.9307861328125,43323100
2026-04-17,266.4844323486072,271.8149160854778,266.24486962975914,269.7486267089844,61436200
2026-04-20,269.84841238867654,273.7913879220191,269.80850557942483,272.5635681152344,36590200
2026-04-21,271.0163536236942,272.3140256362382,264.9272139873882,265.69586181640625,50209800
2026-04-22,267.3429346055621,273.2523721409737,266.39461467279705,272.68341064453125,43249200
2026-04-23,274.56001085217736,275.2787294551341,271.1660737405759,272.9429016113281,33399600
2026-04-24,272.2741016414235,272.5735550213531,269.16962610782736,270.5771179199219,38157100
2026-04-27,265.6159889280984,267.88193422863776,264.59781690250213,267.1332702636719,41466800
2026-04-28,271.8548539018017,272.7432830913257,268.181416710472,270.2277526855469,40018900
2026-04-29,267.07336249706583,270.55716597281076,266.56429174844374,269.688720703125,30047900
2026-04-30,270.018146234023,275.50834883767226,267.6623648300734,270.86663818359375,91848200
2026-05-01,278.3632420760759,286.70836594964845,277.8741246788477,279.6409912109375,79915400
2026-05-04,279.16179801165765,280.13007120517506,274.3703307853319,276.3368225097656,46668400
2026-05-05,276.43668191704,284.0630869835518,276.00745521106614,283.67376708984375,49311700
2026-05-06,281.4178249779708,287.5169265187869,280.5693330033821,286.99786376953125,58336100
2026-05-07,288.75470528792926,291.6096265406606,285.2709318587503,286.927978515625,45224300
2026-05-08,289.49338424193445,294.2349225642168,289.48339230776435,292.7974853515625,52692800
2026-05-11,291.72841688276577,293.6267735875138,289.979924827367,292.42779541015625,42247300
2026-05-12,292.3078994315659,295.0155556946294,292.3078994315659,294.54595947265625,45748100
2026-05-13,293.24708951115105,300.6607090744109,293.24708951115105,298.6124572753906,52684300
2026-05-14,299.5616620172475,300.1911240450107,295.12548538387824,297.9530334472656,35324900
2026-05-15,297.643304079477,302.93875555297063,296.26448829773227,299.9713134765625,54862800
2026-05-18,299.98126929450746,300.4009207908792,294.6558756451712,297.5833435058594,34483000
2026-05-19,296.7140952726279,300.2510533099592,296.09463441963413,298.7123718261719,42243600
2026-05-20,297.9230626302997,302.5390768782648,297.82314269813475,301.98956298828125,38229800
2026-05-21,300.80056674721834,305.27671719779084,300.1411318265125,304.7271728515625,42965100
2026-05-22,305.85620846339293,311.13165741506583,305.57645096183757,308.55389404296875,43670200
2026-05-26,309.29325163060713,311.5513139598484,307.4048960873393,308.0643005371094,48000500
2026-05-27,308.0643052358437,312.9900803339556,308.0343323058515,310.5821533203125,50430900
2026-05-28,310.412282475935,312.5304508120942,309.30325358892543,312.24072265625,48220400
2026-05-29,311.5113496628706,314.7285763294451,309.2632884033746,311.7911071777344,70026800
2026-06-01,309.363197507879,310.67206624496237,304.7571540774977,306.0460510253906,48849900
2026-06-02,307.1950545511415,315.1781903378333,306.42572903356995,314.92840576171875,44534700
2026-06-03,313.9092501546009,316.6668815001487,308.5838566628498,309.9926452636719,50836700
2026-06-04,312.96009909963743,313.26982953176514,309.38316692864953,310.9618225097656,44869100
2026-06-05,312.5903972939029,314.8984348439246,306.8853260765596,307.0751647949219,65310500
2026-06-08,308.4739595974908,317.1265012321255,300.9105055796523,301.2801818847656,77949100
2026-06-09,300.0212482417878,300.4908444635933,287.5320194610898,290.29962158203125,70108800
2026-06-10,290.4894628291428,294.4960172141002,287.1323727394638,291.3287353515625,52793300
2026-06-11,293.4668864344149,296.7440586571729,289.3404406054596,295.375244140625,42572500
2026-06-12,295.7749221682621,296.88398158337014,289.3704417369658,290.879150390625,38742100
2026-06-15,293.8665449684006,297.5233947188816,291.4486474146935,296.1645812988281,45732600
2026-06-16,294.99559499590845,300.2210994929347,293.71669913987887,298.9821472167969,39874400
2026-06-17,300.59074812548096,301.8096980081642,294.10632015937927,295.6949768066406,42745100
2026-06-18,297.8530937792582,300.31099586682666,295.3652492546472,297.7532043457031,85962200
2026-06-22,297.05381866220307,302.1594314563154,296.5043047694293,296.75408935546875,44879900
2026-06-23,297.2836155142734,301.3800886038737,293.9264950024863,294.04638671875,52010900
2026-06-24,295.1054570720635,299.4417438827621,292.68755959702736,292.8274230957031,53081900
2026-06-25,287.1523472601469,288.55113481081804,273.5141152813601,274.91290283203125,107013700
2026-06-26,274.7630284991681,285.70360492137456,273.9737007161028,283.53546142578125,261775500
2026-06-29,286.4829438934296,288.12151489662153,279.6088673150861,281.4972229003906,66427000
2026-06-30,280.9277417485351,289.69017405322865,280.45814550695326,289.11065673828125,65100200
2026-07-01,293.1871503157195,296.33442991747245,288.95081360688545,294.1263427734375,50164200
2026-07-02,293.866538367699,309.15337194761725,293.4269150966668,308.3640441894531,75352800
2026-07-06,307.0951430290638,313.9292760509671,306.7354678654279,312.3905944824219,53590000
2026-07-07,315.0183186077797,315.20815732134815,309.88273318392555,310.3923034667969,42490000
2026-07-08,311.6412289475945,314.5487250421545,306.7854009831778,313.1199645996094,41323500
2026-07-09,310.24243869469103,316.2572401947346,307.8944576262147,315.947509765625,48124500
2026-07-10,314.4488202226986,316.6369356310425,311.9010296470402,315.0483093261719,34132300
2026-07-13,316.7468014245228,323.171283634363,315.5078797345754,317.03656005859375,43257800
2026-07-14,313.48965629761443,315.91755515351207,311.64124426456783,314.58868408203125,36336800
2026-07-15,317.34631234952286,328.44675508114506,317.0465830462295,327.2178039550781,60957600
2026-07-16,327.72736328456057,334.3915986652446,326.50841333986017,332.97283935546875,62970600
2026-07-17,331.693929977533,334.7013154010385,328.71648699084636,333.452392578125,63407100
2026-07-20,333.2226134619852,333.4224228207836,323.4010672140761,326.3085632324219,53468000
2026-07-21,322.85156758462244,329.3159936819017,321.94234806189104,327.45758056640625,41338900
2026-07-22,327.58746619388995,328.7164973399543,323.0613709608057,325.60919189453125,38755900
2026-07-23,321.4527900194849,323.0214140443725,319.0748358849152,321.3828430175781,40840800
2026-07-24,321.5127284115298,334.0818750563203,321.3428614810286,332.7330322265625,47489400
2026-07-27,334.2517370375488,339.277401491225,333.73216560461384,336.61968994140625,49604300
2026-07-28,339.73698155301014,342.59453283396704,335.31080637618777,339.78692626953125,51859000
2026-07-29,339.43727163464206,344.2730974331505,337.0593175600121,337.8985900878906,56090800
2026-07-30,332.8129674612056,334.4615395264105,329.30598233808786,333.1426696777344,74817800
2026-07-31,304.54735603914753,310.4222943774597,299.7415030462749,308.6438293457031,132489100
2026-08-03,309.313234694189,311.5313230344714,302.29929450581176,303.1585693359375,75052000
2026-08-04,302.46913991298527,310.1525156602479,301.0603512911937,309.1134033203125,68001000
2026-08-05,309.09342362565195,311.4414048335362,305.40663118634393,310.7320251464844,49438800
2026-08-06,314.06913775686996,316.0174696892129,308.96355554648414,312.14080810546875,46139900
2026-08-07,311.1816431226555,314.53873325457766,310.47223295908327,313.05999755859375,34437200
2026-08-10,306.8299865722656,308.260009765625,304.6099853515625,308.260009765625,44812500
2026-08-11,307.75,309.9700012207031,302.7900085449219,304.9100036621094,37476700
2026-08-12,305.1000061035156,305.6600036621094,300.57000732421875,302.25,41657800
2026-08-13,304.2099914550781,306.0,302.04998779296875,305.260009765625,40349300
2026-08-14,306.0,307.489990234375,304.29998779296875,305.92999267578125,28229400
2026-08-17,306.2099914550781,307.6600036621094,302.94000244140625,305.5899963378906,38169300
2026-08-18,307.5799865722656,311.489990234375,305.739990234375,310.0299987792969,53424500
2026-08-19,310.1400146484375,319.2799987792969,309.6000061035156,316.8299865722656,50505600
2026-08-20,317.4599914550781,320.2799987792969,310.6499938964844,311.29998779296875,40959200
2026-08-21,312.04998779296875,312.3800048828125,307.010009765625,309.3500061035156,46876800
2026-08-24,311.4700012207031,313.3599853515625,309.9700012207031,310.3399963378906,34673600
2026-08-25,310.7900085449219,313.5899963378906,308.2099914550781,309.8999938964844,25869800
2026-08-26,310.29998779296875,315.42999267578125,308.79998779296875,313.45001220703125,34024500
2026-08-27,310.54998779296875,315.3999938964844,309.3999938964844,314.5799865722656,32419200
2026-08-28,316.8500061035156,322.3699951171875,315.45001220703125,319.70001220703125,38649400
2026-08-31,319.6000061035156,321.239990234375,312.79998779296875,316.8500061035156,41242700
2026-09-01,316.9800109863281,327.29998779296875,314.7300109863281,325.1300048828125,53167400
2026-09-02,326.8699951171875,328.3999938964844,323.5299987792969,324.9599914550781,33776400
2026-09-03,324.8699951171875,330.80999755859375,324.1099853515625,328.2099914550781,37225800
2026-09-04,328.30999755859375,328.92999267578125,317.8599853515625,319.9700012207031,39606900
2026-09-08,317.1000061035156,320.70001220703125,314.8999938964844,316.2200012207031,35477100
2026-09-09,315.489990234375,319.1499938964844,309.8999938964844,315.3399963378906,65640000
2026-09-10,316.6700134277344,326.739990234375,316.510009765625,326.57000732421875,70011900
2026-09-11,327.45001220703125,336.2200012207031,326.29998779296875,332.2699890136719,50716900
2026-09-14,334.7900085449219,335.5,331.3399963378906,333.0799865722656,39269100
2026-09-15,330.1400146484375,331.7799987792969,328.3500061035156,331.3399963378906,31748200
2026-09-16,332.5299987792969,335.4800109863281,330.70001220703125,332.4100036621094,35981000
2026-09-17,334.7699890136719,338.3399963378906,330.17999267578125,337.0,36700200
2026-09-18,337.9100036621094,338.489990234375,332.5299987792969,336.1300048828125,86588200
2026-09-21,335.2799987792969,339.6400146484375,333.04998779296875,338.9800109863281,34999200
2026-09-22,340.1400146484375,345.3399963378906,338.75,339.75,40711800
2026-09-23,341.0799865722656,341.79998779296875,335.5,337.0199890136719,31658800
2026-09-24,336.7200012207031,338.9100036621094,334.29998779296875,335.9200134277344,24733100
2026-09-25,336.0400085449219,341.6700134277344,334.5299987792969,341.07000732421875,30002500
2026-09-28,340.3699951171875,342.989990234375,338.0400085449219,338.3999938964844,32820800
2026-09-29,336.9700012207031,337.0899963378906,328.70001220703125,329.3999938964844,38478000
2026-09-30,330.79998779296875,339.5,330.1400146484375,333.0199890136719,49988600
2026-10-01,330.0,332.4800109863281,325.80999755859375,330.32000732421875,36306300
2026-10-02,333.260009765625,334.5400085449219,330.6099853515625,333.69000244140625,33245500
