Date,Open,High,Low,Close,Volume
2021-09-24,139.21378542182566,140.9889014490048,138.91908904507557,140.87448120117188,22984000
2021-09-27,139.47726820093547,140.60058167299186,138.7472157143195,139.74224853515625,21882000
2021-09-28,137.34803586719997,137.7853721088004,134.08409637223073,134.54966735839844,45772000
2021-09-29,135.68881987904555,135.85821322958458,132.60319159739623,133.0870819091797,30848000
2021-09-30,132.99594577873873,134.26486166268856,132.29709055592656,132.41595458984375,37996000
2021-10-01,133.1801832786123,135.6199794487268,132.8092168477559,135.2559356689453,35360000
2021-10-04,134.67893341555128,134.67893341555128,129.8147276953452,132.39962768554688,51202000
2021-10-05,132.7775323428591,135.9310269065087,132.7775323428591,134.7408447265625,32404000
2021-10-06,133.47985735059552,136.45157959216723,133.28174555748294,136.26832580566406,24364000
2021-10-07,137.58280506274824,138.72197425447405,137.34407938421361,137.9126739501953,25110000
2021-10-08,138.26136480962015,139.00825554641344,137.90525630274254,138.46791076660156,26526000
2021-10-11,137.97902659825877,139.3856397178086,137.55009431613644,137.60458374023438,17954000
2021-10-12,138.16524679321643,138.19200026988304,134.48031058391572,135.16282653808594,36332000
2021-10-13,136.1073438593819,136.69921546698336,135.23217255462345,136.28515625,19654000
2021-10-14,138.1593163407756,140.00524590088978,137.51643176271415,139.8205108642578,31894000
2021-10-15,140.27965888530153,140.3821836681898,139.42826334195342,140.0354766845703,30274000
2021-10-18,139.7467055598483,141.44999507439888,139.73976779407545,141.43215942382812,20396000
2021-10-19,142.03591966092392,142.30833656697075,141.2558517419221,141.8868408203125,20164000
2021-10-20,141.98687359411255,142.19292069612473,140.04386090950544,140.4326629638672,23288000
2021-10-21,140.4326824733916,140.81604319627527,139.1756468498999,140.548583984375,26292000
2021-10-22,137.8383760818884,139.25786739704128,134.77354570706362,136.26980590820312,50588000
2021-10-25,136.2534694690779,136.69922478778497,134.14750193472992,136.1514434814453,34412000
2021-10-26,137.95080257189426,138.7625665768636,137.0008424939082,137.99537658691406,49236000
2021-10-27,138.0909634675946,147.24881500925127,138.0909634675946,144.83924865722656,85782000
2021-10-28,145.74761793016637,145.77089496837942,143.26374634339527,144.47422790527344,36206000
2021-10-29,143.71050193740845,146.84467961742357,143.28604362604932,146.65052795410156,43320000
2021-11-01,146.650526252916,146.650526252916,141.87545343779883,142.14439392089844,46924000
2021-11-02,143.21667387750176,145.2270388410852,142.9749705871543,144.06163024902344,33482000
2021-11-03,144.525266613303,145.286531703057,143.22811564065137,145.21620178222656,27494000
2021-11-04,145.73768752512296,148.32210355915961,144.92888610521643,146.8699188232422,38412000
2021-11-05,147.7634258058656,148.91051523572824,146.80010405976353,147.4489288330078,38354000
2021-11-08,148.41274287140487,149.19530477650676,147.03138673691146,147.62623596191406,23052000
2021-11-09,147.82632017760048,148.42215184426283,145.8570526859016,147.51478576660156,19530000
2021-11-10,146.1096586376128,146.6742930482063,143.17508933638337,144.51829528808594,29970000
2021-11-11,145.10867864305814,146.1448241518883,144.22805094053797,144.39248657226562,16518000
2021-11-12,145.23349148333662,147.4469412284045,144.04034683138687,147.27655029296875,22360000
2021-11-15,147.49696261340108,148.13984720055237,146.18395628145507,147.0526885986328,23508000
2021-11-16,146.75302192957213,147.36023509685174,145.92390607867836,146.4821014404297,18904000
2021-11-17,146.63218759828888,147.15917066321168,145.85211965055908,146.65150451660156,19594000
2021-11-18,146.8441702118311,149.16112717315613,146.49054062936167,148.42611694335938,35608000
2021-11-19,148.56184386065286,149.54351527153173,147.49549843490428,147.52273559570312,33682000
2021-11-22,147.92487958481476,148.41718888282895,144.7699041651747,144.92294311523438,30594000
2021-11-23,144.77538788745673,145.2776127448071,142.75660327261244,144.4078826904297,27218000
2021-11-24,144.1022548274951,144.870941178912,143.0121337594424,144.74266052246094,18040000
2021-11-26,142.98784267338087,143.19487224202962,140.50546790898787,140.84275817871094,30470000
2021-11-29,142.64264622326615,144.91849043687807,142.53714381167404,144.15872192382812,32596000
2021-11-30,143.64165054932508,144.62380552713375,140.26676719316237,140.5599822998047,42068000
2021-12-01,142.64263235493135,144.57474710533424,139.58374288929951,139.721923828125,34020000
2021-12-02,139.91856472972714,142.50842215106744,138.89281831208532,141.61839294433594,29194000
2021-12-03,142.32666783141497,143.03888475918794,138.97852275278916,140.66299438476562,41230000
2021-12-06,141.69219562959748,142.49653820256228,138.8289386103009,141.8056182861328,30618000
2021-12-07,144.22411313803892,146.14038785227982,143.85858804406124,145.88134765625,32240000
2021-12-08,146.20525307367103,146.9942539766536,145.0259839079488,146.78968811035156,24270000
2021-12-09,146.1998038220425,147.69458257877415,145.72829267560041,146.24685668945312,23270000
2021-12-10,147.29833221870211,147.57321284147923,145.32114458725633,146.60641479492188,24458000
2021-12-13,146.3885244478636,146.57525468402127,144.145872243766,144.45196533203125,27070000
2021-12-14,142.61095145594314,143.11811878414613,139.88389547091273,142.55052185058594,38446000
2021-12-15,142.05720547693662,145.33798264479324,140.342519317884,145.0606231689453,36370000
2021-12-16,145.78326939220364,146.2849953541412,142.25335200656264,143.08346557617188,33650000
2021-12-17,141.1568185708795,142.47874293853084,139.96813259538033,140.38912963867188,50416000
2021-12-20,138.68036958927007,140.43814883611964,138.0077689503243,140.272216796875,27192000
2021-12-21,140.71448653862208,142.51287937524026,139.1781115016759,142.1201171875,28756000
2021-12-22,141.71893179495092,145.11907176242747,141.71893179495092,145.0348663330078,26322000
2021-12-23,145.1190840665869,146.84614951123285,145.07153240558975,145.5316619873047,26384000
2021-12-27,145.86797843863056,146.9457205351442,145.7822917221511,146.51234436035156,15976000
2021-12-28,146.83871638730724,146.90112605445645,144.67779110911528,145.3043212890625,18200000
2021-12-29,145.26222969189286,146.02745475759826,144.27463333879814,145.2726287841797,17788000
2021-12-30,145.31125094205046,145.9115415190522,144.61835101429233,144.82240295410156,15688000
2021-12-31,144.6733390453183,145.31572484803414,143.48663330078125,143.48663330078125,18136000
2022-01-03,143.6877102445083,144.47621238059426,142.35836459751644,143.62481689453125,28646000
2022-01-04,144.02547327559515,145.1042126846341,142.36181523730556,143.0383758544922,28400000
2022-01-05,143.05868641427153,143.13743534952337,136.39014797936144,136.476318359375,54618000
2022-01-06,135.7071637287869,138.62093512341903,135.2713087279278,136.4490966796875,37348000
2022-01-07,136.84332084249846,137.14347368557924,134.48674768484292,135.7254638671875,29760000
2022-01-10,133.80472820765564,137.51096085890853,131.9092673317077,137.36236572265625,44408000
2022-01-11,136.70613226103086,138.89430958407158,135.4040239930454,138.4188232421875,28730000
2022-01-12,139.81952326901038,141.26378799505596,139.36832657676754,140.09738159179688,26108000
2022-01-13,140.20583825361632,141.50350289892143,137.10435430356105,137.2806854248047,31436000
2022-01-14,135.78688828807677,139.41537040651573,135.7071568754875,138.16575622558594,29662000
2022-01-18,134.89142851777413,135.8389098452004,134.1618746973883,134.71609497070312,34872000
2022-01-19,135.2366462750776,136.65911532585005,133.74286483474455,133.84291076660156,28648000
2022-01-20,134.9656869674604,136.32872359744084,131.71114945131728,132.05091857910156,29908000
2022-01-21,131.34370494374014,133.59427753713035,128.86033169564638,129.12283325195312,55652000
2022-01-24,124.79053071235748,129.96628601137778,123.32646545512321,129.571044921875,76622000
2022-01-25,127.52651182595139,128.17929675546682,125.30811925081203,125.73851776123047,46960000
2022-01-26,129.88307087009878,131.7463372318321,125.94355325697116,128.0148468017578,49130000
2022-01-27,130.06631152982507,131.402095911861,127.7171599273171,127.78898620605469,31950000
2022-01-28,128.43680947092184,132.09946589896228,127.27387977912171,132.09400939941406,34362000
2022-01-31,132.8973869656009,134.19603402997248,130.96329190158724,134.0281219482422,39986000
2022-02-01,136.2975399437779,136.49417046627246,133.1019500878879,136.34657287597656,68644000
2022-02-02,149.82431540618072,150.1180141843333,144.15080955105117,146.60494995117188,123200000
2022-02-03,144.33208137122566,148.26416246033293,141.32072802834824,141.74122619628906,71518000
2022-02-04,142.0923982148257,143.50941059648488,139.19050728126922,141.94232177734375,57998000
2022-02-07,142.8902734635897,142.8902734635897,137.59069748325538,137.8888702392578,54974000
2022-02-08,137.71605080771687,138.68037019357018,135.72252350917645,138.0850372314453,54284000
2022-02-09,139.63479982655852,141.1810906659547,138.8656145268964,140.2573699951172,40144000
2022-02-10,138.38666797793726,140.15087104730347,136.65662471919973,137.31336975097656,39330000
2022-02-11,137.2935464759076,137.84478899265827,132.14255018310712,133.01673889160156,39958000
2022-02-14,132.00039669326958,135.0152108089526,132.00039669326958,134.24850463867188,34302000
2022-02-15,136.27376928506482,136.80670770122907,134.54126220495533,135.3208465576172,26680000
2022-02-16,135.3584485041593,136.78437846529766,133.65218142911007,136.43966674804688,25022000
2022-02-17,134.95878467171522,135.82107810404372,131.22977254722994,131.28970336914062,38950000
2022-02-18,132.20897366336914,132.80630192955493,128.96930783344095,129.17385864257812,45620000
2022-02-22,128.61416429924145,130.93458304274952,127.01488039498852,128.58990478515625,44990000
2022-02-23,130.40757203513712,130.80627441884366,126.32541464727021,126.38534545898438,32786000
2022-02-24,123.77569929866215,131.746354920063,123.77569929866215,131.4402618408203,54456000
2022-02-25,132.29313059177062,133.99642015608714,130.50959571249916,133.19207763671875,36406000
2022-02-28,131.79588020023658,134.47190837481307,131.34268834077528,133.78396606445312,38864000
2022-03-01,133.6071366345848,134.9711560163724,131.9627951950794,132.79783630371094,26496000
2022-03-02,133.35901024990838,133.98752054186207,131.81717846328633,133.30303955078125,23520000
2022-03-03,134.7279703958508,135.15342630121359,131.7716050611301,132.6373748779297,24604000
2022-03-04,131.67451892195976,132.5898052248612,129.10892100654087,130.6631317138672,30430000
2022-03-07,130.24859827584922,130.49326412434095,125.10453924382728,125.187255859375,45112000
2022-03-08,125.05996493303867,130.01283483137684,124.48988912406125,125.90641021728516,40428000
2022-03-09,130.01284022199468,132.47491606181063,128.67605804169412,132.16238403320312,37026000
2022-03-10,130.0286978025834,132.01578605372748,129.67852951814072,131.1812286376953,27102000
2022-03-11,132.23024024414997,132.53435325187561,128.4096014176675,128.64634704589844,31526000
2022-03-14,129.0222755356904,129.17977343063143,124.09417093747396,124.7637939453125,38812000
2022-03-15,125.77915325762379,128.63053065314324,124.53548650724457,127.98020935058594,30920000
2022-03-16,129.50069760013957,132.07618063613359,127.52103109296921,132.02418518066406,35576000
2022-03-17,131.89393987458052,132.81666282246127,130.93902206243152,132.5774383544922,28264000
2022-03-18,132.1668624121389,134.95979002346903,131.01185257108665,134.8424072265625,44566000
2022-03-21,134.8800155945873,135.75816449036662,132.82853776609664,134.818603515625,26832000
2022-03-22,134.81862924241636,139.72048699983432,134.81862924241636,138.54962158203125,35496000
2022-03-23,137.3950839488176,138.27273404848066,136.5357682945328,136.97210693359375,25154000
2022-03-24,137.88789810464644,140.28410290416335,136.45206761789734,140.237548828125,26396000
2022-03-25,140.57830645229447,140.69618802841327,138.42034355673357,140.3376007080078,24126000
2022-03-28,139.5723701734137,140.66398768557863,138.49363060700367,140.1221466064453,35050000
2022-03-29,141.30292164446877,142.4381156620189,140.6996533281546,141.16224670410156,34318000
2022-03-30,141.11718519835287,141.37522780253792,140.26529091446844,140.60060119628906,19884000
2022-03-31,140.71398488141358,140.76847430446492,137.71404362201923,137.7566375732422,37524000
2022-04-01,138.18505622759434,139.14689657242798,137.00379203918484,138.8294219970703,25942000
2022-04-04,139.03547918185924,142.35736929122916,138.98792752091472,141.62384033203125,25942000
2022-04-05,141.5223047954093,141.6426500916848,139.05924680061253,139.26577758789062,21418000
2022-04-06,137.44213448492033,138.0468839879228,134.23960723680352,135.26089477539062,32468000
2022-04-07,134.72796554964043,135.87159364235194,132.96226616904812,134.6076202392578,26234000
2022-04-08,134.30549126521612,134.39117797517184,131.71217218120978,132.03114318847656,25142000
2022-04-11,130.58094467179382,130.84740631992602,127.45568463788922,127.60922241210938,36884000
2022-04-12,130.35954686473357,130.35954686473357,125.59389066736169,126.51066589355469,32710000
2022-04-13,126.79350239223996,129.10550229966435,126.53694100450961,128.66964721679688,27928000
2022-04-14,129.24961528064816,129.24961528064816,125.40766436187617,125.53545379638672,31598000
2022-04-18,125.80290829644117,127.00397332375944,124.9926179121444,126.47303009033203,20808000
2022-04-19,126.4878787188869,129.10447476049856,125.80240017548964,128.78353881835938,26490000
2022-04-20,129.65820601853372,130.16043076840108,126.29818081475312,126.83308410644531,31696000
2022-04-21,128.03170056259026,128.87219820018547,123.35272078585082,123.63800811767578,36446000
2022-04-22,123.82174062602672,124.21995176709888,117.80400705459354,118.50780487060547,56884000
2022-04-25,117.97835957782225,122.11549058545957,117.39392450746956,121.91390991210938,46128000
2022-04-26,121.14174844683173,121.35521701263318,117.39391123323827,117.53160095214844,73054000
2022-04-27,113.39051664375937,116.13688235648152,111.67385763846296,113.21717071533203,91820000
2022-04-28,115.31767859411205,118.52168744721978,113.03935526290716,117.40531158447266,48884000
2022-04-29,115.63415406821377,116.80848059659873,112.7416798928777,113.03389739990234,42676000
2022-05-02,112.33603962239242,115.64505184129835,111.53862727592032,115.48408508300781,35534000
2022-05-03,115.33304021046726,117.32558519851244,114.94077671517992,116.22802734375,24968000
2022-05-04,115.92836716829281,121.69647785121755,114.03091818678884,121.10857391357422,49916000
2022-05-05,119.07096543975983,119.8980938644429,113.92146466993306,115.4073257446289,45840000
2022-05-06,114.09877271953016,116.46327388916288,112.94079298131821,114.65547180175781,39710000
2022-05-09,112.18248720658693,113.9922690556796,110.94476870209029,111.45045471191406,40802000
2022-05-10,114.41872033983715,115.15422180073458,111.83629181263385,113.31670379638672,39900000
2022-05-11,112.1691222384398,115.2676356890926,112.1691222384398,112.53166961669922,37534000
2022-05-12,110.32766589353677,113.21766151040819,108.78930297233798,111.78034210205078,53836000
2022-05-13,113.45341371338583,116.76391499760273,112.53416717091297,114.95661163330078,35038000
2022-05-16,113.87193521225011,115.07498784290695,112.81598893736187,113.36624908447266,25990000
2022-05-17,115.73916596158637,115.79810674936266,113.78724265802168,115.37512969970703,23054000
2022-05-18,113.91600305749868,114.31223414484674,110.50396737393191,110.8447265625,35126000
2022-05-19,110.38114796918116,111.9447678514437,108.96313804874286,109.34352111816406,34144000
2022-05-20,110.89575541298444,111.1260696305812,104.79927194524407,107.88143920898438,48962000
2022-05-23,108.55452759041016,111.09039456188339,107.71600254425863,110.4371109008789,37184000
2022-05-24,104.77499103421867,105.4550205953626,100.92413026723496,104.97112274169922,76780000
2022-05-25,103.99590668358864,105.49613450260898,102.87755077701198,104.80768585205078,40258000
2022-05-26,104.68089790507406,107.62537539755519,104.23315497933007,106.77645874023438,37948000
2022-05-27,108.45101725108991,111.25929369416936,108.1097592407956,111.25780487060547,37914000
2022-05-31,111.68374363227105,114.64407635149765,111.02204096124585,112.6896743774414,50012000
2022-06-01,113.77238639007433,115.99770912994168,112.18251170681881,112.8184585571289,36606000
2022-06-02,112.92542707356598,116.78816808605261,111.8818601072899,116.51377868652344,37992000
2022-06-03,114.96849990205233,115.2250612395035,112.4484808055199,113.46134185791016,26136000
2022-06-06,115.60444886318548,118.22204263439792,115.06904672687631,115.7193603515625,33542000
2022-06-07,114.3919906788559,116.58165730848161,113.96753234076662,116.04525756835938,31590000
2022-06-08,115.66090659386595,117.45286068913215,115.50092985611303,116.0893325805664,26108000
2022-06-09,115.23099254159975,117.18391328926909,113.69411860375493,113.75305938720703,25798000
2022-06-10,111.38508794278529,112.21122625756998,109.3256823347158,110.11368560791016,41452000
2022-06-13,105.77991650567512,107.76601441131122,105.11871267398587,105.38963317871094,47252000
2022-06-14,105.53080749276522,106.90720599069174,104.8027349790205,105.70960235595703,33706000
2022-06-15,107.52185574417723,110.37322494977526,106.65461223598331,108.72986602783203,39698000
2022-06-16,106.21033370451282,107.62437594926033,104.14696791638478,105.03402709960938,51684000
2022-06-17,105.03402250297012,107.67489298903801,104.05582771449916,106.13356018066406,51376000
2022-06-21,107.90272658856365,111.42917514346335,107.57633415067775,110.49258422851562,47416000
2022-06-22,109.51439846102454,112.27809328975262,109.34203501668972,110.4366226196289,30774000
2022-06-23,111.17362190219123,111.67980686687405,109.45894281783424,111.18402099609375,28362000
2022-06-24,111.9299067523176,116.96598437616667,111.88780403394424,116.86296081542969,41164000
2022-06-27,117.15815754971578,117.46176417834405,114.0938111747087,114.74165344238281,36420000
2022-06-28,114.71093996164035,116.20373868185764,110.79371689299163,110.95171356201172,35792000
2022-06-29,110.50050890465707,112.09384476980462,109.82740954217135,110.64859771728516,24716000
2022-06-30,108.96313316946271,109.84276331000032,105.74376787127404,107.93590545654297,43170000
2022-07-01,106.91561856393403,108.22020580753811,105.72445397417482,107.71253967285156,35476000
2022-07-05,106.09098495373748,112.30832030044596,104.73488572604593,112.19539642333984,39342000
2022-07-06,112.23402443600865,114.49996109393334,110.42523220637499,113.49205017089844,37432000
2022-07-07,113.99526196361097,118.06602306558507,113.75108733780583,117.6633529663086,40936000
2022-07-08,116.14478965989431,118.55683468561054,115.79957157263497,118.22846221923828,38238000
2022-07-11,116.88574836577106,116.88574836577106,114.24338897628644,114.58612823486328,31196000
2022-07-12,115.1195582947248,115.87140665042774,112.61836489266997,112.94574737548828,29960000
2022-07-13,110.64809930840663,113.11958408095617,110.15331111772146,110.30387878417969,43722000
2022-07-14,109.17165351215847,110.04583472550598,107.35147235760216,109.3271713256836,37004000
2022-07-15,110.94479736923233,112.07405123227751,109.85466858314359,110.72389221191406,46770000
2022-07-18,111.57825390635203,112.60845176541036,107.34850628382924,108.00228118896484,43164600
2022-07-19,109.80511529781504,112.94523274685736,108.52727405998375,112.73721313476562,36530900
2022-07-20,112.10325553773596,114.31223883911534,111.41976463040918,112.82637786865234,35600400
2022-07-21,113.20279789657461,113.47025711440008,110.06268006419117,113.2622299194336,32676200
2022-07-22,109.95371241453788,111.28107792780779,105.49612947881336,106.8829345703125,48901200
2022-07-25,107.38813835101456,108.83437558355239,105.29802646271146,106.49662017822266,34690900
2022-07-26,105.59519150485441,106.1895344193416,103.08904038448871,104.03008270263672,47991000
2022-07-27,108.23011657455983,112.83628715279444,106.99189908350105,111.99429321289062,59858500
2022-07-28,111.3108110624492,113.26223563374616,110.40938503038234,113.14337158203125,32816600
2022-07-29,112.01410659400565,115.60988739252207,111.99429088237237,115.22356414794922,37223400
2022-08-01,114.21317580426667,115.61978895447348,113.26221819210625,113.7773208618164,26034300
2022-08-02,112.92543862061498,115.25328606314042,112.64807910337518,114.04478454589844,20236000
2022-08-03,114.61933182735243,117.50190617706465,114.39150400933967,116.96699523925781,28499000
2022-08-04,116.37262877941384,117.66037035567156,115.78818623003248,117.07593536376953,21602900
2022-08-05,115.1344147097478,116.99669103407605,114.90657937362977,116.36272430419922,19159500
2022-08-08,117.27406569542369,119.01747820672087,115.77829670617234,116.19434356689453,19138300
2022-08-09,116.03583449031639,116.21413810759837,114.6193134078761,115.5306396484375,19086500
2022-08-10,117.6603672414906,119.7801947938587,117.2938597333812,118.57169342041016,30930400
2022-08-11,120.1368212493172,120.34484089581902,117.44245858656527,117.71981811523438,24293700
2022-08-12,119.12642212115914,120.53303527832031,118.33395995960056,120.53303527832031,19096300
2022-08-15,119.988218109904,121.14719535835013,119.47312298863412,120.92926788330078,19494800
2022-08-16,120.37455281758771,121.27597881260755,119.50285039175542,120.5528564453125,19041200
2022-08-17,118.98775310554484,120.1467228864073,118.25472289488862,118.42312622070312,22847000
2022-08-18,118.30424698639806,119.6811441703863,117.60094038977294,119.03726959228516,17987700
2022-08-19,117.93772374082266,118.02687931991656,115.65940835118609,116.10516357421875,21809500
2022-08-22,114.11412767246556,114.54007481677039,112.77685421487422,113.16317749023438,21456600
2022-08-23,112.41035062020673,113.92592776280064,112.36081889290763,112.7867660522461,15870400
2022-08-24,112.43014332846406,113.6980767753064,111.80608446063744,112.61835479736328,17734600
2022-08-25,113.1631738023058,115.61980069445303,113.03440190054245,115.55046081542969,16956800
2022-08-26,113.63865345731685,114.03488457916195,109.15135432931017,109.29993438720703,37245700
2022-08-29,108.95323007744102,109.90418019250721,107.77445217888464,108.38860321044922,21191200
2022-08-30,109.13153347611065,109.4584247030461,106.78387798216265,107.91313171386719,27513300
2022-08-31,109.60701580275753,109.80512758191875,107.11076506343836,107.19992065429688,28627000
2022-09-01,107.25935968056825,109.40890361050023,106.34803334494922,108.70559692382812,28360900
2022-09-02,109.54756736557177,109.69615496666863,106.24896192011391,106.8333969116211,24160700
2022-09-06,106.28860176725996,107.01171661320059,104.78292493403374,105.80321502685547,25068300
2022-09-07,106.05084101834052,108.94332259646582,105.892353121685,108.4183120727539,23167000
2022-09-08,107.02162214412529,108.56691525636909,106.14991969368934,107.35841369628906,24238300
2022-09-09,108.04191626225722,109.9438167112651,107.99238453450448,109.60702514648438,23197700
2022-09-12,109.94379721844312,110.56786362456725,108.89379128207831,109.81502532958984,22966800
2022-09-13,106.78387833563288,107.2791653268789,103.10884221000528,103.33667755126953,38172900
2022-09-14,103.58432204615924,104.28762867361574,102.68290364328506,104.01026916503906,26395100
2022-09-15,103.04941765722538,104.27772736843421,101.38525294374102,101.93997955322266,34188300
2022-09-16,101.10789415037412,102.15790023712232,99.98854818162332,101.83101654052734,42797200
2022-09-19,100.79090754857049,102.3560163297047,100.59279576557026,102.09846496582031,23036800
2022-09-20,101.11780281015771,101.40507019715866,99.57250212292915,100.18666076660156,26517100
2022-09-21,100.71167174171455,101.91026555304411,98.33429227670972,98.34420013427734,31487300
2022-09-22,97.88852564747053,100.28571299374859,97.8588096356747,99.19608306884766,34298600
2022-09-23,98.6908830045893,98.72060657230172,96.55124713555664,97.80927276611328,31625400
2022-09-26,97.1753195378149,98.93854025999183,96.87815183667855,97.24465942382812,27072700
2022-09-27,98.49277122014274,99.0573980869391,95.95690424751061,96.58096313476562,30072800
2022-09-28,96.72954699099779,99.7507929809595,96.19463615518136,99.10692596435547,32466300
2022-09-29,97.71021036985752,97.71021036985752,95.05547197538944,96.501708984375,31047200
2022-09-30,96.13522606253521,97.96778676250888,94.65926511028924,94.74842071533203,32941500
2022-10-03,95.84793642347994,98.35408727916217,95.61019323680982,97.71021270751953,27982000
2022-10-04,99.4932599642057,100.88005758771709,99.43382038214075,100.68194580078125,28850800
2022-10-05,98.88901332468096,100.96921740441856,97.86872322008227,100.47393035888672,22176900
2022-10-06,99.73098193653627,101.95977324242655,99.64182635441148,100.46400451660156,22324000
2022-10-07,98.90880951525219,99.58240011798391,97.37342439434227,97.74983978271484,27502800
2022-10-10,98.0668223782474,98.16587826309313,96.09558230714255,96.93756866455078,18225100
2022-10-11,96.51162818804231,98.31447262301143,95.40218255210743,96.26398468017578,26507100
2022-10-12,96.3828523219572,97.81918158553775,95.82812574805676,96.64039611816406,21876400
2022-10-13,94.25311840728581,98.83947334531618,93.49037218865715,98.12625885009766,34574500
2022-10-14,99.04751108048256,99.74091754754065,95.46163735169795,95.64984130859375,25410700
2022-10-17,97.92814929391774,99.97863723546732,97.89843328218922,99.0276870727539,28419200
2022-10-18,102.15790003840424,102.49469914853343,99.02768994018629,99.82014465332031,24060700
2022-10-19,99.06730275919794,100.06777700633921,97.98757322485923,98.69087982177734,23811100
2022-10-20,99.05740308448243,101.35553453374322,98.45315232106869,99.0276870727539,25323200
2022-10-21,96.92766115141708,100.35504617005535,96.79888925641042,100.17674255371094,32458700
2022-10-24,100.84042777161125,101.78146996975107,99.03758354500583,101.55363464355469,27176400
2022-10-25,101.930061923768,103.83196211183454,101.75175830879428,103.49517059326172,40611400
2022-10-26,95.52104771456979,97.38332404744001,93.79745113215374,94.03518676757812,88114100
2022-10-27,93.62904644695233,94.53047236921812,90.9346916507101,91.3507308959961,60710900
2022-10-28,91.40025834019883,95.63992134750747,91.2615785867917,95.38236999511719,43697300
2022-10-31,94.52055893659968,95.12480961516302,93.09413767157132,93.619140625,31675000
2022-11-01,94.55027964071681,95.12481434026306,89.51816976437351,89.61722564697266,47161400
2022-11-02,90.08278684821762,90.32052245219354,86.06105194461617,86.15020751953125,57038300
2022-11-03,85.50635121846325,85.70446300437007,82.55443724057845,82.64359283447266,61288000
2022-11-04,84.5950155815513,85.8233251451628,82.92094321259124,85.7638931274414,51124900
2022-11-07,86.45729778160043,88.06203038731945,86.03135065796711,87.65589141845703,34078900
2022-11-08,88.0620346069336,89.46864794494398,86.7643774616038,88.0620346069336,30429000
2022-11-09,87.616271304768,88.59694505123552,86.4573014852848,86.4969253540039,31769100
2022-11-10,91.38044725273583,93.50027490961016,90.74648052680031,93.05451965332031,51620100
2022-11-11,93.79745509098437,96.01633874938153,93.03470887381417,95.5012435913086,33090500
2022-11-14,94.19367711771467,95.87765743584981,93.61914994697848,94.79792785644531,30179500
2022-11-15,97.33379660978578,99.1960728800167,95.79840399321353,97.51210021972656,41640800
2022-11-16,96.9772010829533,98.70079781521773,96.71964971365578,97.91824340820312,29105200
2022-11-17,96.0559640432795,98.34418761381784,95.87766041716742,97.432861328125,26052600
2022-11-18,97.8389927582132,97.96777221776902,95.46162115308442,96.51162719726562,28342300
2022-11-21,96.37294018625333,97.47247787174473,94.46113216672569,94.69886779785156,21647400
2022-11-22,95.04557824487563,96.30361153605567,93.16349357268429,96.13521575927734,23438500
2022-11-23,96.17482467577447,97.82908897612423,96.17482467577447,97.53191375732422,18868100
2022-11-25,97.31398252976868,97.71021362044154,96.48190404108719,96.54133605957031,9701400
2022-11-28,96.12530422953257,96.66021510957758,94.70878307241713,95.14463806152344,26237500
2022-11-29,94.82765072592701,95.21397397473142,93.22291815263816,94.29273986816406,20061700
2022-11-30,93.92622347217593,100.08759477077614,93.52999237293703,100.0380630493164,43647500
2022-12-01,100.06777905920039,101.28618836680111,99.30504042808617,100.0380630493164,28687100
2022-12-02,98.11635835101946,99.82013929364201,97.96777073857241,99.49325561523438,21480700
2022-12-05,98.46305725876209,100.42438954950684,98.0668261466735,98.54230499267578,24405100
2022-12-06,98.36401143814018,98.83948277532939,95.51115318508242,96.06587982177734,24910700
2022-12-07,95.501250078082,95.96681354446217,93.8271774750463,94.04510498046875,31045400
2022-12-08,94.48095524175791,94.67907459688469,92.56914692029817,92.82669830322266,32213300
2022-12-09,92.88611328995704,93.3714999528572,91.87573121535932,91.9549789428711,28225400
2022-12-12,91.83611517682478,92.67810157031386,90.74648528186952,92.43045806884766,29420000
2022-12-13,96.83851164366295,98.59182421305074,94.13424142996912,94.72858428955078,40593700
2022-12-14,94.3026381663495,95.95690242669573,92.71772133852875,94.17386627197266,28733600
2022-12-15,92.25216279887749,92.75735770370802,89.1615764575156,90.0035629272461,40107000
2022-12-16,89.904497198702,90.46912406913405,88.67618001312934,89.40921020507812,58011800
2022-12-19,89.40920565184058,89.70637329839354,87.37852605840477,87.60636138916016,29493000
2022-12-20,87.27947454659835,88.33938840975075,86.61579178950325,88.18089294433594,23453800
2022-12-21,88.24033160326711,89.36958533140333,87.48749326534973,88.7356185913086,24745600
2022-12-22,87.32900852106096,87.705423924909,85.50634840918426,86.93277740478516,27658300
2022-12-23,86.28891143781672,88.70591468772304,86.24928756646801,88.38893127441406,23003000
2022-12-27,87.96297425967674,88.10165401513619,86.18984589203967,86.5662612915039,20097300
2022-12-28,86.16014054796655,87.2101467000031,85.12994255309941,85.20918273925781,19523200
2022-12-29,85.80351972764441,88.01249544149027,85.79361187188182,87.61626434326172,23333500
2022-12-30,86.16012846707217,87.46768582385727,85.75398950597845,87.39834594726562,23986300
2023-01-03,88.74550874076952,90.19175323104062,87.68559500987139,88.27994537353516,28131200
2023-01-04,89.49836324025155,89.79553847603304,86.44739337515158,87.24976348876953,34854800
2023-01-05,86.64550724695111,86.74456313346334,85.09030640052188,85.3874740600586,27194400
2023-01-06,85.97192008580211,86.8634382151229,84.06011192527862,86.51673126220703,41381500
2023-01-09,87.52710665864704,89.20117889631756,87.03181972986678,87.1903076171875,29003900
2023-01-10,85.16955994373511,87.83419899287388,85.02097232508895,87.58655548095703,30467800
2023-01-11,88.33939373373373,90.7365811115069,88.17099795969153,90.65733337402344,26862000
2023-01-12,90.61771066077036,91.00403390685888,88.9040143567913,90.27100372314453,30258100
2023-01-13,89.9936452702405,91.32101834363606,89.28043078990615,91.25167846679688,26329200
2023-01-17,91.19222768728588,91.38043914022266,89.20117965797311,90.42948913574219,32602400
2023-01-18,91.27149829926222,91.92528084237877,89.78563712761265,90.26111602783203,29116700
2023-01-19,89.8648808303919,92.72763928780023,89.77572523421122,92.17292022705078,37000400
2023-01-20,94.20357999199304,97.3734211280702,94.12433226315825,97.09605407714844,63191100
2023-01-23,97.02671291222839,99.09701634497223,96.58095766905522,98.84937286376953,40005100
2023-01-24,97.17530672932803,98.6710755675798,96.28378862846672,96.7790756225586,33078500
2023-01-25,94.66915574421624,95.25359832710816,92.87621924407682,94.32245635986328,42330000
2023-01-26,95.59039448086202,96.6503083971589,94.48094883976952,96.60077667236328,30114000
2023-01-27,96.39274691143376,99.37437656306163,96.39274691143376,98.43333435058594,33879800
2023-01-30,96.56116365118157,97.36352622934069,95.49134184198249,96.02625274658203,27226200
2023-01-31,95.95690834730202,97.94795669253232,95.9073766231504,97.90833282470703,29870700
2023-02-01,97.77955657834522,100.23618337201236,96.66021070256011,99.48334503173828,35531100
2023-02-02,104.80274058349926,106.83341291100568,104.61452909009137,106.72444915771484,69883800
2023-02-03,101.9597827400415,106.79378116863643,101.61308334943693,103.79234313964844,65309300
2023-02-06,101.43477436351553,103.37629840573868,100.91967167543784,101.93006134033203,31999600
2023-02-07,102.2470463384407,107.1602923201408,102.14799045298909,106.62538146972656,49010200
2023-02-08,101.08807279083534,102.16779474920261,97.11586920713648,98.43333435058594,94743500
2023-02-09,99.05741125278253,99.08712726696145,92.74745143528722,94.11444854736328,119455000
2023-02-10,94.55027592145254,95.83802501702435,93.36159026206248,93.67857360839844,54980700
2023-02-13,93.84696493469541,94.30262800123435,92.95544695343283,93.71819305419922,50076100
2023-02-14,93.53990075675098,93.95594001243452,91.39035704490637,93.78754425048828,54726100
2023-02-15,93.5993417410389,96.20455638144854,93.26255018489125,96.02625274658203,50169000
2023-02-16,94.47105381335152,96.759277545991,93.84698729900944,94.60973358154297,42462600
2023-02-17,93.95594221146911,94.65924884324633,92.33140145912851,93.46065521240234,34284100
2023-02-21,92.12338307581045,92.22243896547124,90.85544955020039,90.92478942871094,33629300
2023-02-22,90.83562645698825,91.24176539632087,89.75590449970178,90.78610229492188,30884000
2023-02-23,91.05356181773953,91.07337753026592,88.9139258711701,90.03327178955078,41206400
2023-02-24,88.59693902936208,89.04269429656404,87.7450448035044,88.28985595703125,36585100
2023-02-27,89.02289581298828,89.31016320477262,88.49788519922211,89.02289581298828,27502300
2023-02-28,88.48797531575339,90.37006738645363,88.47806745987378,89.21109008789062,30142000
2023-03-01,89.13186244897841,90.17196073822713,88.82477933335956,89.5082778930664,31111200
2023-03-02,88.81486541779114,91.41016437188449,88.74551798499179,91.13280487060547,32204400
2023-03-03,91.6082879107454,92.84650542514655,91.57856434211662,92.76725769042969,35160100
2023-03-06,93.13375400124997,95.06537762515192,93.1139458487006,94.23329162597656,32639300
2023-03-07,94.08472641631292,94.76821737043342,92.64838951204187,92.97528076171875,27835500
2023-03-08,93.23283087936741,95.05548347587344,93.11395927449436,93.36160278320312,34103300
2023-03-09,93.1634795195889,94.62952467830927,91.03374409562433,91.44978332519531,28813500
2023-03-10,91.3011957932537,91.91535434031455,89.54788329165427,89.77571105957031,35941000
2023-03-13,89.24079301400292,91.69741944586636,88.57711035948978,90.25118255615234,37335600
2023-03-14,91.6875307500272,93.47056704552529,91.56866670198077,93.08424377441406,36050200
2023-03-15,92.34130529029962,96.01633375629301,91.7667705826294,95.20406341552734,50622100
2023-03-16,95.29321447414841,100.23618410795306,94.59981570662057,99.37438201904297,65492000
2023-03-17,99.31494349581332,101.87061846985974,99.15644804076712,100.66212463378906,61028500
2023-03-20,99.17626978959724,100.79090265941907,98.92862629411955,100.26589965820312,32960400
2023-03-21,100.29560313957008,104.1093109820234,100.26588713302162,103.9310073852539,42110300
2023-03-22,103.28714037398593,105.58527158969119,102.35600601870802,102.3956298828125,43427400
2023-03-23,104.06971097429327,105.29802828134584,103.47536803466038,104.60462188720703,40797800
2023-03-24,104.00035839739058,104.49564537954834,102.86119682693183,104.44612121582031,30393300
2023-03-27,103.6338527182764,103.77253247115901,100.96920628828376,101.49420928955078,31120900
2023-03-28,101.47441082956155,101.48431112894204,98.7998562881409,100.07769775390625,32057900
2023-03-29,101.31591359200922,101.52393323759745,99.70128059578812,100.4343032836914,28779600
2023-03-30,99.9588339632855,100.20647748309447,98.83948041696144,99.93901824951172,33086200
2023-03-31,100.34514795022433,102.91073095009241,100.08759659739673,102.75224304199219,36863400
2023-04-03,101.42486512580797,103.54469275309818,100.96920202024347,103.37629699707031,25035400
2023-04-04,103.34659450306941,104.58481209016414,103.05932711596579,103.73291778564453,24420100
2023-04-05,104.78292489397982,105.09990829704094,102.68291268275507,103.48527526855469,28290500
2023-04-06,104.26783058433419,108.14097133723756,103.34659638050103,107.39804077148438,48711500
2023-04-10,105.97160978014296,106.57585296689001,104.12914153667725,105.43669891357422,27067400
2023-04-11,105.5456573857056,105.72396099898825,103.69328137868473,104.35696411132812,26311800
2023-04-12,105.57537185911791,105.74376761435744,103.35648080221837,103.65365600585938,24370300
2023-04-13,104.84234942454029,106.47679804994421,104.84234942454029,106.41736602783203,24843600
2023-04-14,105.88244091932117,107.91312038654546,105.83290920256783,107.84378051757812,26578000
2023-04-17,103.67347328496217,105.15933421068411,103.53478597901366,104.97112274169922,37571200
2023-04-18,105.4862165216186,105.53574824150101,103.08902940590605,103.51497650146484,26596400
2023-04-19,102.60365516744423,103.99046025776919,102.0984603190622,103.197998046875,20905700
2023-04-20,102.93054181039429,105.24848120414728,102.89091794586696,104.29753112792969,27820800
2023-04-21,104.47584437704927,105.00084740487684,103.79234587649182,104.41641235351562,25800100
2023-04-24,104.49564392017723,105.62489761912755,103.71308959239947,104.97112274169922,23542800
2023-04-25,104.83244886590656,105.68434311564164,102.86120115263496,102.87110900878906,46664100
2023-04-26,103.93102314766244,105.3475442819754,101.66260776152602,102.73242950439453,53347600
2023-04-27,103.4654497314898,107.34850549717122,102.56403133484429,106.57585144042969,50089200
2023-04-28,106.03103365145822,106.338109149272,104.09940996663532,106.32820129394531,36139800
2023-05-01,105.83292217554937,106.97208378320418,105.8131140209073,106.18952941894531,26681700
2023-05-02,106.13010742029749,106.1895394473162,102.73243798858448,104.32726287841797,30997200
2023-05-03,104.53527640058293,106.47680059664341,103.97064950457289,104.41641235351562,21795400
2023-05-04,104.49565601153888,104.60461976329854,102.98998675787486,103.70320129394531,23419500
2023-05-05,103.83196725980174,104.88197329032847,103.1286606207244,104.57489776611328,26639300
2023-05-08,104.18856750875773,106.94236185797475,104.16875935521117,106.754150390625,26511400
2023-05-09,107.36831739425581,109.1117297850802,106.17963159356827,106.33811950683594,36360100
2023-05-10,106.95227165556445,111.87542544527842,106.91264779027239,110.69664001464844,63153400
2023-05-11,114.31225204675472,116.80849544025747,113.33158580903728,115.47122192382812,78900000
2023-05-12,115.5801655805234,116.91743886441324,115.01553874699306,116.40234375,41102300
2023-05-15,115.0155501911109,117.36321334174113,114.91649430049983,115.41178131103516,36266800
2023-05-16,115.39196147654542,119.61180877166494,115.33252945579774,118.38349914550781,45035600
2023-05-17,118.48254136352232,120.52312112022634,117.76932696691306,119.70094299316406,33323600
2023-05-18,119.80991915569436,122.14767433938904,119.69105511557814,121.67220306396484,35234200
2023-05-19,122.38542149832001,124.78260877971135,120.99861637803845,121.60286712646484,41353400
2023-05-22,121.78117269366314,125.23827391464934,121.5830533547579,123.87128448486328,35253000
2023-05-23,122.98967918409565,123.45524264502252,121.05805522841555,121.40475463867188,34046300
2023-05-24,119.97831871203586,120.76087303400242,118.73019342760367,119.76039123535156,34182600
2023-05-25,123.34627616670772,124.13873842190023,120.81040904205996,122.31608581542969,42317000
2023-05-26,122.00900338994037,124.07930707525598,121.29578886786955,123.43543243408203,35635900
2023-05-30,124.45572750689844,124.475543220799,120.8500384400081,122.5042953491211,35076700
2023-05-31,121.59295853842984,122.89060806044641,121.34531503835157,121.71183013916016,37325800
2023-06-01,121.66229962836286,123.24721653315949,121.46418784931825,122.55381774902344,30772700
2023-06-02,122.82127475890255,124.96091834173134,122.59344695882075,123.49486541748047,26980100
2023-06-05,122.8410870558176,126.2288484102657,122.67268372774639,124.82223510742188,32305500
2023-06-06,124.82222846227405,127.08072835419054,124.17835386828453,126.10997009277344,26638300
2023-06-07,125.77318888731985,127.8236693200009,120.96890623532141,121.34532165527344,52539000
2023-06-08,121.07786408652909,122.06843809259337,120.0971903791399,120.98870849609375,29389200
2023-06-09,121.0976584943784,122.59342718983049,120.76086699813939,121.07785034179688,23778300
2023-06-12,121.63258482252455,122.88071020381717,120.51323890061894,122.47457122802734,28306400
2023-06-13,123.80194237811752,123.9802460011841,122.01890614745163,122.66278076171875,22278300
2023-06-14,121.93966842264322,122.88071833842668,120.30521966995029,122.5042953491211,30592300
2023-06-15,121.97928756170958,124.27741904880322,121.2462648829115,123.91090393066406,35246300
2023-06-16,124.74298738908716,124.9212910160558,122.1179647088467,122.36560821533203,45535600
2023-06-20,121.77127096960723,123.39581184304008,120.98871654585305,121.93966674804688,26097500
2023-06-21,121.24625664021467,121.50380799105953,118.96793346366026,119.4136962890625,30306300
2023-06-22,118.86888698255561,122.07834481499013,117.70991714827096,121.98919677734375,26952200
2023-06-23,120.23586326986775,121.6325761662558,119.91887990832626,121.18681335449219,34913600
2023-06-26,119.62172810000537,120.85003784396424,117.15519319770573,117.22453308105469,33969900
2023-06-27,115.97640500533596,117.95755299289218,115.00563916614229,117.2146224975586,39535900
2023-06-28,115.98630267450676,119.25519980286133,115.74856703748377,119.04718017578125,27091400
2023-06-29,118.11604334382326,118.9283137332142,117.18490890950874,117.97736358642578,24090900
2023-06-30,119.03726436501533,119.93869024626859,118.56179312274388,118.57169342041016,29532200
2023-07-03,118.11605389040548,119.05710382246328,117.70001458106489,118.76983642578125,14467900
2023-07-05,118.1160435778064,121.45428073315573,118.1061432790298,120.60238647460938,27584800
2023-07-06,118.67076110569717,119.16604807599226,117.28395607737501,118.97783660888672,24745200
2023-07-07,118.96792601666532,119.90897577306588,118.2745272971948,118.35377502441406,21709500
2023-07-10,117.18491641740523,117.19481671679651,115.0452727819369,115.35234832763672,35315200
2023-07-11,115.19384132163853,116.60045446518235,114.26269942444343,116.03582763671875,23078800
2023-07-12,117.68019568942015,119.19577271910916,117.2938724292045,117.80896759033203,30404400
2023-07-13,119.79011606460736,123.65335623874292,119.31463721160668,123.3660888671875,44297900
2023-07-14,123.62363431555437,125.58496654137278,122.3259772774838,124.23778533935547,33283100
2023-07-17,124.75289325990691,125.90195518182102,123.02928904081584,123.47505187988281,25716200
2023-07-18,123.4255157057774,123.50476343752902,121.80097499226719,122.59343719482422,26193600
2023-07-19,123.42552039211267,124.00005513290701,120.6519176928117,120.87974548339844,37224000
2023-07-20,120.27549147201748,122.92032219876853,117.10565774229482,118.076416015625,37906800
2023-07-21,119.48305290974022,119.84956049684531,117.61086843012961,118.88870239257812,72937900
2023-07-24,120.51323990968405,121.84060548000588,119.83964926814579,120.38446044921875,29686100
2023-07-25,120.21605806734303,121.98918638737764,119.87925898635496,121.05804443359375,52509600
2023-07-26,128.8439452407809,129.7453559381363,127.11044103939085,128.05148315429688,61682100
2023-07-27,130.4288745072281,131.98408291547318,127.57601659985137,128.18026733398438,44952100
2023-07-28,129.54727072583006,132.47937651181306,129.3392586434395,131.33030700683594,36591200
2023-07-31,131.47886392024066,132.27132602951215,130.5378217782747,131.46896362304688,28055500
2023-08-01,129.54726660464158,131.3798345519529,129.44820315858595,130.3100128173828,23166800
2023-08-02,128.22979764764366,128.86376438510172,126.35761344523159,127.16989135742188,26273300
2023-08-03,126.76374840615887,128.17036158821978,126.21892971575811,127.23921966552734,20089500
2023-08-04,128.0614204630477,130.27039650877546,126.70433876138416,126.90245056152344,26147200
2023-08-07,127.94252121991917,130.36942411285528,127.80384148646446,130.29017639160156,22746300
2023-08-08,129.388776187967,130.2703864784232,128.3189544116336,130.1614227294922,23535200
2023-08-09,130.4189683106613,130.79537612894666,127.78403800787017,128.4378204345703,24912900
2023-08-10,130.08216956285366,130.8052842652116,128.22978612358457,128.467529296875,20857800
2023-08-11,127.447280159818,128.70529851065223,126.96189336058289,128.3387908935547,19591100
2023-08-14,128.170370790581,130.13170310188443,127.7444312206599,130.0920867919922,24695600
2023-08-15,129.86425127440808,130.18122707956528,128.06139942490483,128.5566864013672,19770700
2023-08-16,127.48686981201172,129.05197853395998,126.66469914191973,127.48686981201172,25216100
2023-08-17,128.57652473546727,130.74588449246144,128.0713222570123,128.6953887939453,33446300
2023-08-18,127.29865064608583,128.03168079764703,125.18873089019047,126.25855255126953,30504800
2023-08-21,125.98119528293358,127.51658037118519,125.36703671314525,127.15997314453125,25248700
2023-08-22,127.29865446565053,129.05197461127347,127.11045810936166,127.86328887939453,22054900
2023-08-23,128.95292431830592,132.15248942586146,128.64584877704544,131.12228393554688,27819700
2023-08-24,132.68737797126798,132.9845531801372,128.34867433563005,128.5566864013672,28500700
2023-08-25,128.31895505629643,129.52745659961704,126.05054714528603,128.65576171875,26762900
2023-08-28,130.07226065194624,131.2906623566744,128.91329096477185,129.77508544921875,20543300
2023-08-29,130.99352005839108,135.28270758219568,130.99352005839108,133.3015594482422,43075600
2023-08-30,133.50955996250931,134.9954209341487,132.8062609003106,134.5991973876953,28315800
2023-08-31,134.72794864262443,136.69919611494214,134.5100211787518,134.88644409179688,30053800
2023-09-01,136.16429210938105,136.16429210938105,133.57889367961565,134.38125610351562,21543700
2023-09-05,134.1633431456703,135.13410142022065,133.31144891270912,134.490234375,19403100
2023-09-06,134.73787413439317,135.24306141209425,132.41001928477638,133.1925811767578,18684500
2023-09-07,132.330729183513,134.30197617212383,131.6967626573446,133.9849853515625,18844300
2023-09-08,133.6383676701966,135.37187250360077,133.57893563715962,135.09451293945312,23558300
2023-09-11,135.2529715626258,136.18411357030033,134.51004103926334,135.62939453125,20763400
2023-09-12,134.9755962074752,135.57984690018307,133.91568997827457,134.06427001953125,18405500
2023-09-13,133.81663138154605,135.60956781404116,132.88548944943147,135.42137145996094,20749500
2023-09-14,136.30297659287558,137.3925988291446,134.95579546543004,136.7982635498047,24751000
2023-09-15,136.6794084421126,137.21432691405798,135.19354730998145,136.10487365722656,38919600
2023-09-18,135.32233242699417,137.84829948005097,135.32233242699417,136.90725708007812,21861300
2023-09-19,136.12466432280078,137.10533793093902,135.33220217516006,136.7388153076172,20353700
2023-09-20,136.77847333591484,136.77847333591484,132.36050620598186,132.47938537597656,29927500
2023-09-21,130.2010230212673,130.983569674675,128.84394174860475,129.21044921875,31503900
2023-09-22,129.5274651867629,130.78549853869626,128.3784107064932,129.02227783203125,26397300
2023-09-25,128.60624233611597,129.93360805536258,127.74444767159882,129.87417602539062,20094600
2023-09-26,128.5468020175819,129.13123709457156,126.02083510191228,127.35811614990234,25718700
2023-09-27,127.3581226719012,129.66614708498366,127.3581226719012,129.30953979492188,22746500
2023-09-28,128.61613182423616,132.04352470913275,128.56660009843606,131.06285095214844,22513100
2023-09-29,132.02369781929437,132.78644401015598,129.1312236339659,129.6265106201172,30859800
2023-10-02,129.97319862962345,133.15293215330271,129.9335672121253,132.90528869628906,22288000
2023-10-03,132.6774934391783,132.99446928200175,130.59728184486156,131.1817169189453,22989400
2023-10-04,131.53832195471514,134.29213173006787,131.2807781421106,133.96524047851562,26752300
2023-10-05,133.79685974121094,134.21289907677604,132.192119315503,133.79685974121094,19832600
2023-10-06,132.74681617552042,136.85770734068427,132.74681617552042,136.28317260742188,27597600
2023-10-09,135.6492043634317,137.63035233984527,134.3317391453215,137.11524963378906,19278100
2023-10-10,137.19450673636976,138.4030082937137,136.03553690481087,136.75865173339844,27786600
2023-10-11,137.27375707281203,139.77990827237048,137.27375707281203,139.22518920898438,25884300
2023-10-12,139.72047583902653,139.88887161742355,136.9567657145511,137.6600799560547,24765500
2023-10-13,138.06621031388815,138.68036136313773,135.33221637344056,136.06524658203125,23420500
2023-10-16,136.86759204420815,138.31383656866015,136.6892959998697,137.78883361816406,28501900
2023-10-17,137.32326271053788,138.58128066351554,135.88691848326934,138.40298461914062,23515800
2023-10-18,138.13555264144586,139.3935859571332,136.0850721525315,136.65960693359375,23375000
2023-10-19,137.19448376221146,138.34355310217805,136.08504584222058,136.45155334472656,26066000
2023-10-20,136.0355425938075,136.57044595575792,133.8067508749185,134.3218536376953,26335700
2023-10-23,133.76708863043964,136.36240244560938,132.6873667407286,135.2133331298828,26317900
2023-10-24,136.5308133876984,138.04639036690818,136.12467442857437,137.50157165527344,44814300
2023-10-25,126.95197704539778,127.10055711062341,123.89109922458236,124.42601013183594,84366200
2023-10-26,122.10805414835848,123.15806773168971,120.12690614034925,121.12738800048828,57061100
2023-10-27,121.72173162799473,122.14767875459353,119.07690083509236,121.01842498779297,44566500
2023-10-30,122.04861726115155,124.21797666183564,121.59295414437162,123.28683471679688,28940100
2023-10-31,123.88118156302635,124.1882646409759,121.53352602850394,122.9104232788086,26292300
2023-11-01,122.9005236105588,125.29771102759383,122.55382420024057,125.25808715820312,30082400
2023-11-02,127.20951847627134,127.76423752931852,125.73356524871063,126.28828430175781,27124600
2023-11-03,126.813273176429,128.3090343035944,126.65477772700595,127.88309478759766,26393100
2023-11-06,127.83359192298178,129.11142587434364,127.45716892438092,129.02227783203125,19052700
2023-11-07,129.47794507134418,130.66663094824423,128.65576676845674,129.73548889160156,29757300
2023-11-08,129.73548022222718,130.9637974447547,129.5472687405941,130.59727478027344,26425800
2023-11-09,130.71616352133154,131.30059860663678,128.84397909648382,129.0123748779297,23747800
2023-11-10,128.87369024439658,131.54823716249373,128.19019172994675,131.3402099609375,26913300
2023-11-13,130.5378341612988,131.34019664387745,130.0128311760323,130.84490966796875,18324800
2023-11-14,132.9251386329532,134.4209000570862,132.06334401742188,132.36050415039062,32395200
2023-11-15,133.59873301920138,133.7572285134562,132.31099869452711,133.35108947753906,23861500
2023-11-16,133.9156781811989,135.92654184217392,133.05388378791164,135.63926696777344,28013200
2023-11-17,134.71807494996435,134.77750697640147,132.39021981477103,134.03457641601562,37240600
2023-11-20,132.42984636661794,135.37185248662504,132.36049892835388,134.96571350097656,27815500
2023-11-21,135.0053415510365,135.88695192229423,134.67846538924488,135.67893981933594,22635300
2023-11-22,136.17424139502177,138.10585813170292,136.17424139502177,137.18463134765625,17813900
2023-11-24,136.72890029754885,136.82796372345382,134.70813639771495,135.4015350341797,12514300
2023-11-27,134.7477683599397,137.11523941063973,134.71805235170586,135.1241912841797,23436500
2023-11-28,134.7973154661077,135.95628526440245,134.14353298041522,135.90675354003906,18730000
2023-11-29,136.27330417872622,136.9865037190962,133.56902564601972,133.71762084960938,23967200
2023-11-30,133.7770122542541,134.2722992191977,130.04254430639105,131.28076171875,38988300
2023-12-01,130.61709594726562,130.8647394618695,129.43831039935748,130.61709594726562,31442300
2023-12-04,128.65573379480827,128.80431382323027,126.69439428737353,128.05148315429688,36669900
2023-12-05,127.73451535832072,130.8944488634641,127.04111657544283,129.7552947998047,27384800
2023-12-06,130.20106226225468,130.5972858566958,128.65576908298854,128.79444885253906,23576200
2023-12-07,133.76708303807405,137.25390714366299,133.4302915642557,135.63926696777344,56767100
2023-12-08,132.9350587429417,135.1143190275873,132.76666293751066,133.71762084960938,32260100
2023-12-11,131.1321890142382,132.08313157577382,130.12179931701706,132.03359985351562,31138000
2023-12-12,130.56755981511444,131.7463453232423,130.02274107837968,131.2708740234375,29032800
2023-12-13,132.12278193624368,132.2416459947321,130.32984518422208,131.32041931152344,30104800
2023-12-14,132.12276380482388,132.45955533429708,128.46754335829976,130.6963348388672,38722400
2023-12-15,130.37932440713033,132.2515083662078,129.9434694977227,131.35009765625,50847100
2023-12-18,131.37984058345504,135.85722438947897,131.18171368224796,134.51995849609375,32258000
2023-12-19,135.5501194052659,136.1741857555767,134.79728873509703,135.36190795898438,25476800
2023-12-20,137.66006190353008,140.3643245325025,136.76855140187814,137.03599548339844,49107200
2023-12-21,138.17519358404002,139.36387954069625,137.8681029010627,139.09642028808594,27488300
2023-12-22,139.44311177628964,140.6516133137084,139.3836797523117,140.1563262939453,26532200
2023-12-26,140.25536747570143,141.33508949612715,139.85914392608302,140.18603515625,16780300
2023-12-27,140.2553919454143,140.74077872609564,138.57141889330177,139.04689025878906,19628600
2023-12-28,139.45300658951038,139.80961383431003,138.4327165781313,138.90818786621094,16045700
2023-12-29,138.3138589912108,139.03697381318452,137.4718650054482,138.373291015625,18733000
2024-01-02,137.24402242132257,138.13553292141268,135.19352711017308,136.8675994873047,23711200
2024-01-03,135.95629302037804,138.31386417693605,135.78789723990403,137.6105499267578,24212100
2024-01-04,137.11526484470437,137.8482951186817,135.0647843214247,135.10440063476562,27137700
2024-01-05,135.4609816574128,135.86712058649852,133.8760573616901,134.45059204101562,22513900
2024-01-08,135.00531397852347,137.69967627152062,134.97559796988412,137.53128051757812,21404000
2024-01-09,137.19449570702432,140.15631733731945,136.84778876936215,139.62139892578125,24759600
2024-01-10,139.67095484972754,141.65210314546835,139.58180680401006,140.9388885498047,21320200
2024-01-11,142.13745070579583,143.85113927664221,139.3143091172413,140.74073791503906,24008700
2024-01-12,141.32517459664027,141.85017754737586,140.48319586195018,141.30535888671875,18785500
2024-01-16,140.66147924257555,142.9893337126431,140.11666063096862,141.14686584472656,22670500
2024-01-17,140.01764108362337,140.5030126705263,137.5907226892699,140.13650512695312,20968600
2024-01-18,140.711049810197,142.85069343117277,140.65161778433006,142.1275634765625,25746400
2024-01-19,143.37565792919867,145.06953067080715,143.0190507549195,145.0001983642578,34271900
2024-01-22,145.71342925416275,146.99126295666431,144.46529644501962,144.6138916015625,32200400
2024-01-23,144.5148528050676,145.79268672545237,144.12852951611768,145.6540069580078,21636100
2024-01-24,147.13987487266473,148.43753968176426,146.704034951283,147.29837036132812,25233500
2024-01-25,148.65544028148244,151.6073464272401,148.1304221809848,150.43846130371094,29149100
2024-01-26,149.67572544188013,151.10213919091456,149.5865623016617,150.7554473876953,26115500
2024-01-29,150.62668943208467,152.33047802772649,150.00262293630868,152.06301879882812,27784300
2024-01-30,151.3596988063133,152.1719615652673,149.7648741820085,150.03233337402344,36331800
2024-01-31,142.2662284294629,142.64265137404246,138.55157604993053,138.7794189453125,71910000
2024-02-01,140.78037988444788,141.7115219147045,139.46291457727207,139.82943725585938,40466500
2024-02-02,137.94734706342143,141.2756767245771,135.21336792263565,141.03794860839844,62499600
2024-02-05,141.4737891857491,144.0988043000788,141.43415776046106,142.32566833496094,38505400
2024-02-06,143.28651806660818,143.98983223271003,141.8402885413249,142.74171447753906,29128200
2024-02-07,143.3954900682589,144.24738433228183,142.57331181571678,144.1681365966797,25208900
2024-02-08,144.45542022837463,144.95070726949984,143.7323053805209,144.53466796875,22563800
2024-02-09,145.2973811774696,148.03137498026427,144.80209419753828,147.59552001953125,26829500
2024-02-12,147.0209993419135,147.93232565817652,145.98089356178963,146.13938903808594,21564100
2024-02-13,143.553953657749,145.28745781228392,142.33555211274947,143.77188110351562,27837700
2024-02-14,144.70302604425797,145.13888094527297,142.7317786928336,144.56434631347656,22704200
2024-02-15,141.79076291731,142.1671858771817,139.13603183073639,141.42425537109375,37590700
2024-02-16,141.6421685918449,141.8402803505169,138.81902690715387,139.19544982910156,31468900
2024-02-20,138.343565378545,140.74075259122355,138.17516961610025,139.789794921875,25144700
2024-02-21,140.11669187948075,141.34500910368052,139.35394565312507,141.20632934570312,23223300
2024-02-22,143.56385940403197,143.633206828025,141.45394740259124,142.73178100585938,27191900
2024-02-23,142.31576767229546,143.31624199133967,142.07802446605524,142.60304260253906,19493800
2024-02-26,140.80018488112955,141.097360098055,136.09495847718128,136.2732696533203,53641800
2024-02-27,136.71904376572382,137.93744569659972,135.79780197777268,137.57093811035156,33099200
2024-02-28,136.6001748262654,136.70913859182073,134.13365476545493,135.09451293945312,37328600
2024-02-29,135.98599158018274,137.5511002457204,135.11428166141263,137.15487670898438,42133000
2024-03-01,137.12513899008863,137.56099392851314,135.6293778286393,135.84730529785156,31151100
2024-03-04,134.3812405563518,134.3812405563518,130.66658893846252,132.093017578125,55999400
2024-03-05,130.6369020545164,131.98408327949778,129.43830088138756,131.41944885253906,40194800
2024-03-06,131.86521128643497,132.3208819951356,129.6166190997975,130.1614227294922,35318600
2024-03-07,131.53831809840491,133.66806132063292,130.36944800435913,133.11334228515625,37738200
2024-03-08,132.94492038394168,136.78833656643275,132.73689322904636,134.13360595703125,39370400
2024-03-11,134.84682212622377,137.78882765004334,134.84682212622377,136.37229919433594,32437800
2024-03-12,135.73835874420493,138.06621377136466,135.73835874420493,137.1945037841797,27563400
2024-03-13,137.68977381646687,139.7600696656856,137.67987351872839,138.47232055664062,23347200
2024-03-14,139.85917456567773,142.23654661412903,139.13605962747624,141.7511749267578,42753400
2024-03-15,141.15679282026272,141.83037587468064,138.7100738688481,139.84922790527344,49475400
2024-03-18,147.20920556461434,150.7158309412068,145.78277655889536,146.2879638671875,69273700
2024-03-19,146.76344216143465,147.3874934806998,144.70304650213203,145.6440887451172,24070400
2024-03-20,146.60496715934067,147.45686149202717,145.35684923166747,147.33799743652344,21311500
2024-03-21,148.06110892693906,148.95261955283513,145.51532628649926,146.208740234375,24755600
2024-03-22,147.71439026412665,150.1512089583533,147.57571050851763,149.34884643554688,29211800
2024-03-25,148.52666183272117,148.9625167930801,146.42664987640165,148.6554412841797,19229300
2024-03-26,148.80401587594451,150.82478002765382,148.56627269311343,149.24977111816406,22149100
2024-03-27,149.75496675016123,150.21063743065775,147.49645928934754,149.44789123535156,22879200
2024-03-28,149.42809160115786,150.00261121097796,148.75449343194893,149.50732421875,24485400
2024-04-01,149.26960970551775,154.27201180475902,149.19036196576207,154.0243682861328,31730800
2024-04-02,152.05311284830339,153.24179865539583,150.71583186847434,153.10311889648438,24586000
2024-04-03,152.15218215203225,153.6182275333651,151.29037243888334,153.45973205566406,24705000
2024-04-04,152.05312071787367,153.3111540270119,149.03186676205078,149.11111450195312,34724700
2024-04-05,148.6158266126285,151.97387210758342,148.18988701742387,151.0625457763672,23459200
2024-04-08,151.33987049085022,153.80640480075897,151.17147475137236,153.39036560058594,20702000
2024-04-09,154.6186837219778,157.06540257966853,153.7271732158785,155.12388610839844,31079500
2024-04-10,154.7375603209343,155.13378384711743,153.22196830163517,154.668212890625,22838600
2024-04-11,155.4309745942535,158.17485377315867,154.9852193039768,157.90740966796875,27166400
2024-04-12,156.47108327025333,158.7097751773131,155.65880529572482,156.2432403564453,25353700
2024-04-15,157.36257964736208,157.73900258836812,153.13282461250074,153.40028381347656,27136500
2024-04-16,152.7366137703007,154.18284340549994,151.98376782571336,152.9446258544922,20779500
2024-04-17,154.15311190556037,155.59935651041437,153.12292165720868,154.00453186035156,21763100
2024-04-18,153.87576120493418,155.46068564754503,153.16254671725525,154.53944396972656,19883000
2024-04-19,154.72765445129966,154.886149917532,150.86442193038377,152.63754272460938,32615600
2024-04-22,152.85548314560833,156.15409663024886,152.6078396267761,154.80691528320312,26446200
2024-04-23,155.4805001575941,157.4715484365775,154.80690198445652,156.7682342529297,21151600
2024-04-24,156.00552495169347,158.0659209529385,155.6885339753658,157.63006591796875,22779100
2024-04-25,149.90356233876008,155.01492770763642,149.44789165697802,154.529541015625,57109700
2024-04-26,172.72639581047983,173.06320248176968,168.05088498922183,170.32920837402344,64665300
2024-04-29,167.46645176767586,167.95183850890314,163.65275062361349,164.58387756347656,45610000
2024-04-30,164.04896224577593,166.51549696973217,161.06733991987724,161.24563598632812,33562900
2024-05-01,162.75129989434402,165.54471052012372,161.5526987871929,162.31544494628906,33493200
2024-05-02,163.23668620505856,165.15840222342754,162.34517563249727,165.0494384765625,24294500
2024-05-03,165.98054998734318,166.3767885917812,161.51306741637478,165.66357421875,34662400
2024-05-06,165.88152094509854,166.55510397846635,164.46499233146127,166.51548767089844,21871300
2024-05-07,166.91169460324474,170.14095992985162,166.80273087457311,169.63577270507812,28039700
2024-05-08,167.40699381865014,168.54614778977586,167.14945003877577,167.78341674804688,19569100
2024-05-09,167.79333673106953,169.08108601143434,166.59473548708618,168.35797119140625,15346700
2024-05-10,166.44613647493796,168.24898828516856,164.62348406885067,167.06028747558594,29799900
2024-05-13,162.71166406626963,167.68434929765695,162.45412029255667,167.54566955566406,31327600
2024-05-14,168.1697556681758,169.63580098611519,167.20889765923283,168.734375,25127100
2024-05-15,169.02165742888434,171.02260615600562,168.90277826299467,170.88392639160156,26948400
2024-05-16,171.65656720711078,173.46931949790743,171.0622318573979,172.53817749023438,27867900
2024-05-17,172.53818284579418,174.60849412252608,172.05281122904015,174.4004669189453,24479300
2024-05-20,174.52923506740714,177.0849177951841,174.42027132306535,175.25234985351562,22554400
2024-05-21,175.23252663493534,176.47074407897802,174.1528046513203,176.173583984375,16989400
2024-05-22,174.97498152917515,175.4801688011517,173.55846803904691,174.71743774414062,17880000
2024-05-23,175.40093273610896,176.5698027163018,171.31975787341443,171.9141082763672,21024900
2024-05-24,173.33061498303792,174.1131768202572,172.013149895976,173.3405303955078,16579400
2024-05-28,172.80562741846637,175.5990532912732,172.7263796864407,174.73724365234375,20572200
2024-05-29,173.77637241612194,175.17308524588108,173.07307340990275,174.241943359375,23388700
2024-05-30,173.54855608932272,173.56837180086202,170.17069523243458,170.48768615722656,22931500
2024-05-31,170.24005665079406,171.42874248649764,167.84286926621976,170.8740234375,37638900
2024-06-03,170.91363798660555,172.884885765003,169.54665609137342,171.53770446777344,27459100
2024-06-04,171.64665293658192,172.21128734355756,170.2697557499601,172.15184020996094,26879600
2024-06-05,173.54857984342613,174.98490926995618,172.29054650027606,173.75660705566406,22068500
2024-06-06,174.24196967239757,175.48018723719562,174.093389610606,175.06414794921875,23251000
2024-06-07,175.3811193801314,176.19338215245025,172.65704104078017,172.81553649902344,19661400
2024-06-10,173.51967964779035,175.59235206297993,171.32799161936092,173.55934143066406,23726700
2024-06-11,174.75929703239595,175.37415295165962,172.32960833962332,175.15597534179688,21540600
2024-06-12,176.77249317585628,178.91459265759573,174.65023215199673,176.31629943847656,27864700
2024-06-13,174.65023711390452,175.27501993023967,173.43043673505449,173.70811462402344,20913300
2024-06-14,172.77588046564773,175.59233589189165,172.70645343662588,175.32456970214844,18063600
2024-06-17,174.00559933310134,176.88155485978157,173.36097817553005,175.77084350585938,19618500
2024-06-18,175.67168241067895,175.91961015570547,172.65688768937264,173.638671875,21869900
2024-06-20,173.91633928082513,175.82042243225433,173.53949942101505,174.83863830566406,20160100
2024-06-21,175.53283243143696,179.35092551747323,175.1460657788295,178.1410369873047,57759000
2024-06-24,178.6666314019322,179.39057608957674,177.18897677924866,177.7344207763672,18298000
2024-06-25,178.13109862440768,182.76238649336386,177.93275948021235,182.50454711914062,23130200
2024-06-26,181.1161658230566,182.98057201802297,180.96740010923583,182.35580444335938,19839000
2024-06-27,182.65330785628058,184.50781754506613,182.49464561148105,183.8731231689453,18848900
2024-06-28,182.7921627160181,183.5954461342398,180.45172435645102,180.64013671875,29156600
2024-07-01,181.51282156274272,182.35578177267374,179.79716616258202,181.47315979003906,16006100
2024-07-02,180.54093868905224,184.03176464283646,180.0549949910811,183.70449829101562,17372500
2024-07-03,183.31774817184274,184.5474598841237,182.47478793552256,184.2797088623047,10242100
2024-07-05,184.3193957840595,189.27795048057212,184.25989554887065,189.02011108398438,20967500
2024-07-08,188.32590319025596,188.59366938357218,186.2234808204011,187.46311950683594,21035900
2024-07-09,188.73247507074413,189.77377441041267,187.15565857106904,187.4134979248047,15121400
2024-07-10,187.58210403384115,190.16055833537922,187.4631035723971,189.59527587890625,15952500
2024-07-11,188.27633637637987,189.27795902264754,183.54587074537562,184.0318145751953,25625800
2024-07-12,183.54587662834743,185.5590487799267,182.9607707607535,183.5359649658203,22898400
2024-07-15,183.38718571924736,186.67967331271745,183.38718571924736,184.9838409423828,16474000
2024-07-16,185.80696540628884,187.1160160000062,181.85003324241117,182.39547729492188,18290700
2024-07-17,181.45333384653057,182.02852795037177,178.40877430017733,179.51950073242188,20734100
2024-07-18,180.42194633892038,180.98722878273526,175.00721361216966,176.21710205078125,25315700
2024-07-19,177.3972665467986,178.79556754067195,175.66177231612548,176.1873779296875,18881900
2024-07-22,179.0930739107302,181.18558458642863,178.73605736925484,180.16412353515625,24100300
2024-07-23,180.54098136257284,182.08804802244904,180.03519909370766,180.2831268310547,36352700
2024-07-24,172.16102699431354,174.72955472337873,170.3957827136789,171.19906616210938,49585200
2024-07-25,171.08995705046257,171.98249074674055,165.8041364976538,165.8933868408203,44852000
2024-07-26,165.7644579679493,166.69666856249324,162.70007515743842,165.61570739746094,41336900
2024-07-29,167.43054602622254,169.01727432015218,166.5975125369865,168.12474060058594,20293800
2024-07-30,168.8288445367978,169.81062850049108,167.04376214966652,168.87841796875,18959700
2024-07-31,171.80397765019626,172.80560007098353,168.60074099752308,170.11805725097656,25729100
2024-08-01,168.83879157195824,172.60729626052532,167.48015239401155,169.3445587158203,24531400
2024-08-02,165.06035633790583,167.1131899291379,163.3050238959055,165.27853393554688,29130100
2024-08-05,154.21104625180902,163.06701740006122,153.64576377052947,157.92996215820312,53630700
2024-08-06,158.00930840033058,159.23903543312898,155.11351422532948,156.97792053222656,49004600
2024-08-07,159.91334680325784,161.6290020388926,157.1563923294201,157.62249755859375,25138600
2024-08-08,159.17950020545774,162.33314852019078,158.88199906168649,160.68690490722656,25578800
2024-08-09,158.68365838652156,162.43232444231467,157.74153604180353,162.31332397460938,28602300
2024-08-12,162.98768499629125,163.53311386044192,160.4984810667238,160.9447479248047,15895300
2024-08-13,162.05547223997468,163.36452268194483,161.61911704854913,162.79925537109375,18551700
2024-08-14,161.05383649410487,161.8670466571722,156.4027253040999,159.04066467285156,40591100
2024-08-15,159.16962555991856,160.3001755660798,158.287003319427,159.96299743652344,31524300
2024-08-16,160.1315525357236,163.69179086382167,159.79437447768626,161.6092071533203,24208600
2024-08-19,163.9099594856968,165.30827534265444,162.8984102346736,165.28843688964844,22416200
2024-08-20,165.5165421310091,167.24212453394256,165.43721857593138,165.79421997070312,18341500
2024-08-21,163.78105573886796,165.46697644323723,163.3050387245666,164.4752655029297,22902000
2024-08-22,165.87357224182125,166.2008386794699,161.95631691677434,162.4422607421875,22493300
2024-08-23,163.35461289180427,164.80250226287146,162.4719908380613,164.2471466064453,13955700
2024-08-26,165.00087721050534,166.16117723782313,163.09679395037034,164.78269958496094,14190400
2024-08-27,164.46531429923328,165.0603468280275,163.0967636946959,163.31492614746094,11821900
2024-08-28,163.67195617574248,164.2273269769617,160.1910564516135,161.5001220703125,16407400
2024-08-29,162.94803833728415,164.59428229317595,158.92169394158728,160.4390106201172,19699800
2024-08-30,161.27203156245238,162.30341943551804,160.34974763264805,162.02574157714844,22123800
2024-09-03,160.37947815101114,160.50840540246534,155.1829079051627,156.0556182861328,38945300
2024-09-04,155.3614336724234,157.68203355334143,154.66723906688907,155.15316772460938,19353800
2024-09-05,155.0044347321749,158.12831837773487,154.68707994374114,155.9366455078125,18688700
2024-09-06,155.9961266954501,156.52173225882967,149.30207815911396,149.66900634765625,37912100
2024-09-09,151.44652470733544,152.33031802848637,146.1934191551348,147.67303466796875,39260500
2024-09-10,149.4008786095233,150.21516785637962,147.30559146131813,147.6233673095703,31118800
2024-09-11,148.87458302778612,150.44356726374062,146.49132465684013,150.10594177246094,29607700
2024-09-12,152.72751965051293,153.74041119456226,151.58552977811232,153.61131286621094,29621500
2024-09-13,154.3461412588433,157.2755823080463,154.1276893129349,156.36199951171875,29591200
2024-09-16,156.21305455425028,157.14650223678444,155.50801396162132,156.95782470703125,18379800
2024-09-17,157.91111909387857,159.43044881944618,157.27558257568288,158.2090301513672,20715600
2024-09-18,158.74524152138213,159.38077797387416,157.4940333921465,158.69558715820312,23677300
2024-09-19,162.5684282858201,162.64785709776754,160.214944405528,161.00936889648438,26587700
2024-09-20,162.3598804928704,162.5882724123634,160.9299194880009,162.44924926757812,40896400
2024-09-23,163.20395671072333,164.33600662936618,160.5426370715715,160.7213897705078,24150900
2024-09-24,161.89317053912484,162.0818480701299,159.56949128360392,161.1583251953125,23332100
2024-09-25,160.34405733815197,161.67470976901416,160.17524458071915,160.36392211914062,18869200
2024-09-26,162.498918721295,162.93585297471674,161.14840155271324,161.5952606201172,20319300
2024-09-27,161.6746974446782,164.54454440704646,161.4959598865702,162.80674743652344,21101300
2024-09-30,162.1811401753991,164.9913926147097,162.12154584089137,164.69349670410156,20413900
2024-10-01,166.52067729796633,167.98042800067057,163.4323631439142,165.8255615234375,28338100
2024-10-02,165.25955339528156,166.3518891686213,163.58133532187304,164.70346069335938,17760200
2024-10-03,163.26357455751312,165.4780205499495,162.77698586713637,164.70346069335938,15073100
2024-10-04,166.8880921706125,167.05690491903522,164.32608104579808,165.8950653076172,19047400
2024-10-07,166.55044270875806,167.30513756118168,161.6150986976289,161.84349060058594,22463100
2024-10-08,162.7968151755234,163.58129967642142,161.73426923186602,163.23374938964844,23072700
2024-10-09,162.31023226464953,163.69053895167258,158.62611121223813,160.7313232421875,31181800
2024-10-10,159.74822939172097,161.9329006503817,159.2815055457696,160.94979858398438,14144100
2024-10-11,160.999454633151,162.7571013199183,160.1156613065499,162.10171508789062,15344300
2024-10-14,162.49892012877203,165.07085614450466,162.2605882196447,163.80972290039062,19016100
2024-10-15,164.63389887361683,166.51071883252447,163.48199935482498,164.30621337890625,20247200
2024-10-16,163.38270428394787,164.64385260964121,162.59821974974642,164.00831604003906,16406000
2024-10-17,164.57433190772997,165.2098684713458,161.62504101734748,161.79385375976562,21453400
2024-10-18,162.0520493579974,163.5614543687219,161.94281580158204,162.2804412841797,19757700
2024-10-21,161.8137182306033,163.35291284104187,161.48601755980903,162.92591857910156,20946500
2024-10-22,161.84350752043144,164.61406084451548,161.84350752043144,163.9884490966797,16568100
2024-10-23,163.61108623567196,164.66370734673023,160.80081863998697,161.6448974609375,18280500
2024-10-24,161.69454543683605,162.19105880543688,159.88722950198394,161.58531188964844,22412500
2024-10-25,162.52870467092262,164.43531442750802,162.28044795544452,164.1175537109375,19828900
2024-10-28,167.57327733196706,167.57327733196706,162.80674552404707,165.55743408203125,32138600
2024-10-29,166.5603811631735,169.1919112784263,165.92484461634618,168.4967803955078,42169000
2024-10-30,179.42006644238907,180.75073380709983,172.84623418689728,173.2434539794922,68890800
2024-10-31,171.92274281377416,175.58701430239046,169.80759078159048,169.9168243408203,44769000
2024-11-01,168.8840566551811,171.11836671050878,167.702352468204,170.0955352783203,31796500
2024-11-04,168.74505131099085,169.53947584954412,166.8384415098956,168.05987548828125,21492700
2024-11-05,168.24854540819413,169.3408810917044,167.6626631563061,168.556396484375,18242100
2024-11-06,172.5880503091246,175.70615366421993,172.29013925687767,175.27914428710938,33695500
2024-11-07,176.172887641411,179.81729416706102,175.95442053394322,179.48959350585938,25352900
2024-11-08,179.39028805337082,179.63854475709948,176.83821701828134,177.10633850097656,22006200
2024-11-11,177.33474537334146,179.29100957580835,177.22551180839807,179.0924072265625,17450400
2024-11-12,178.56609468327508,181.2174745432505,178.13908526034365,180.35353088378906,25134900
2024-11-13,179.2016134734521,179.69812684707063,177.29498878465753,177.63262939453125,23184000
2024-11-14,177.03682125408577,177.57306422524127,173.10444351008397,174.35565185546875,31007500
2024-11-15,172.51855985039145,172.9257045177489,170.02606777532782,171.28721618652344,32504600
2024-11-18,172.21071091338408,174.21662935117394,171.69433271949634,174.07760620117188,20135300
2024-11-19,172.50863268758198,177.6227151144133,172.34974474847573,176.87794494628906,23434900
2024-11-20,176.1033704582549,176.4409959363333,172.56819744687726,174.7528533935547,18997100
2024-11-21,172.68737314674925,172.91578024518503,162.5585017211108,166.4611053466797,59734400
2024-11-22,164.69352539111725,165.29927243550884,162.75711072055498,163.61111450195312,38604600
2024-11-25,164.93182234405353,167.4541189743164,164.45517370894052,166.48094177246094,33135300
2024-11-26,166.4611039634079,168.63583529706082,166.41144958796977,167.94070434570312,20486700
2024-11-27,167.82151959076907,168.2981681848086,166.8483576251592,168.04991149902344,19266500
2024-11-29,167.32502205728218,168.24852974267216,165.9943697320939,167.77188110351562,14257200
2024-12-02,167.59312502484607,170.88004106813648,167.3945227098445,170.29415893554688,23789100
2024-12-03,170.29418101536214,171.4758702461707,169.6586444335241,170.1452178955078,22248700
2024-12-04,169.95655062872484,173.69034153077098,169.86718184284945,173.1540985107422,31615100
2024-12-05,174.1371760101365,174.83229172271828,171.12830609165766,171.43614196777344,21356200
2024-12-06,170.83037981733855,173.8591142443165,170.66156709877058,173.49169921875,21462400
2024-12-09,172.9449339559485,175.23150110703355,172.6367300920802,174.34669494628906,25389600
2024-12-10,181.78306850285867,185.2725820417294,179.99356854584033,184.0895233154297,54813000
2024-12-11,184.22869140717978,194.46859270076922,183.77138405763577,194.2598114013672,67894100
2024-12-12,193.86214396789393,194.04108635776814,190.59134831615194,190.8398895263672,34817500
2024-12-13,189.89546127276796,191.6054263771513,188.5334600047639,188.71241760253906,25143500
2024-12-16,191.74458805351563,197.83882401959605,191.4960468173101,195.51248168945312,44934900
2024-12-17,196.09903250515634,200.2446984442106,193.84227386580446,194.2797088623047,43504000
2024-12-18,194.08087100994013,195.8504833002915,186.64452188139882,187.3006591796875,34166100
2024-12-19,190.5118237091531,191.90364849444197,187.28078779996244,187.41001892089844,32265200
2024-12-20,184.69595286927182,191.76446587529261,184.13922295556452,190.29310607910156,63462900
2024-12-23,191.49602742629256,193.9615671620114,189.04043904765626,193.4943084716797,25675000
2024-12-24,193.70308928801546,194.96568298339844,192.64927690043314,194.96568298339844,10403300
2024-12-26,194.01126236804703,195.60193217920934,193.2457663638235,194.45864868164062,12046600
2024-12-27,193.8124315456521,194.1802828500262,189.53751972128225,191.6352081298828,18891400
2024-12-30,188.69248471347018,191.42643795171404,188.0164447517429,190.12408447265625,14264700
2024-12-31,189.96503162659658,190.83990159620672,187.41002054250913,188.19541931152344,17466900
2025-01-02,189.5375437207165,190.87967248578354,186.405930161898,188.3246612548828,20370800
2025-01-03,190.25335095839125,192.08262608512283,188.87146221690494,190.6708984375,18596200
2025-01-06,192.8481012552134,197.06336585299624,192.71887013485082,195.7212371826172,29563600
2025-01-07,195.9598465030939,199.82714740579908,193.46449803391354,194.34930419921875,26487200
2025-01-08,191.44634580773328,195.14462535167834,191.2574520458894,192.8182830810547,24864800
2025-01-10,193.16624068951896,195.37328795351274,189.19951732698908,190.91941833496094,26665200
2025-01-13,188.96092925794855,190.06443773067767,186.26673571233505,189.8954315185547,21823700
2025-01-14,190.12409653498483,190.8597688353095,187.21118555715896,188.55331420898438,17174900
2025-01-15,191.963298457138,195.21422195403466,190.7404798677513,194.40895080566406,21776000
2025-01-16,193.00716606923652,194.33934334611155,191.68492497988967,191.7843475341797,17815400
2025-01-17,195.3832294332928,196.07914183949293,192.61945218456034,194.8563232421875,27735100
2025-01-21,197.9084311961374,201.10962849733662,196.71542107622028,196.89437866210938,29971300
2025-01-22,197.89845481899934,199.31016710135967,196.37738379513036,197.2124786376953,26200600
2025-01-23,196.9838533666416,199.1312534169042,194.06100582652098,196.8247833251953,26951400
2025-01-24,196.9440747387753,199.72772435097139,196.8446521798743,199.04176330566406,23877500
2025-01-27,191.2872550770441,195.73117299932062,189.61705030496816,190.6907501220703,41728900
2025-01-28,191.62527696108057,194.3393427841272,189.56734841729389,194.160400390625,24157900
2025-01-29,194.4188940643566,195.6417126982154,192.3013178788486,194.269775390625,18218300
2025-01-30,196.84465797279535,200.22481269836635,196.5165817224703,199.69790649414062,24354700
2025-01-31,200.82132655430865,204.2810164474162,200.622496591671,202.8295440673828,32001100
2025-02-03,199.5189590127464,202.5611012223486,198.93240535424198,200.05580139160156,27838300
2025-02-04,202.20320734762427,205.84185468330165,201.62658985975028,205.17576599121094,43856400
2025-02-05,189.955069374535,191.62525890216313,186.93279998680248,190.2135467529297,70373900
2025-02-06,188.3942574313725,190.979092361129,187.61880998639617,190.4820098876953,29297400
2025-02-07,189.9352025187049,190.06443363710238,182.17077726737304,184.25851440429688,49315000
2025-02-10,186.25681277496034,187.10184389569162,184.77550151190874,185.38194274902344,23105600
2025-02-11,183.95033114344977,185.8491897525843,183.20470746476104,184.2386474609375,21239500
2025-02-12,182.15091151282658,184.0298827457132,180.769022777209,182.53863525390625,22072600
2025-02-13,183.24449120134597,185.19304601185559,182.07136866992408,185.05386352539062,21402500
2025-02-14,183.980148455519,185.31232574087161,183.24447616019845,184.14915466308594,20448400
2025-02-18,184.5169856862868,184.87488560699177,180.67950910251955,182.69766235351562,29916700
2025-02-19,182.99593948623902,184.3778280833638,182.51872941446393,184.18893432617188,19549400
2025-02-20,183.72168304847523,184.22870170428735,181.65381816300632,183.4830780029297,20441500
2025-02-21,184.06963495987821,184.25852872808807,178.03506158410121,178.61167907714844,35199200
2025-02-24,180.9280885264688,182.0514846282233,177.84617104858543,178.20407104492188,29854200
2025-02-25,177.0011153116827,177.6970428900285,173.67067193850428,174.3964080810547,41913400
2025-02-26,174.04844897153603,175.05255001700533,170.57880815600546,171.7220916748047,35431300
2025-02-27,172.97475539808346,173.5414214994902,166.96005475439284,167.51678466796875,39991000
2025-02-28,167.6957223580091,169.61446843814767,165.79687899247813,169.28639221191406,48130600
2025-03-03,170.92678194521508,172.35838197888094,164.96179191810995,166.03549194335938,40770500
2025-03-04,165.26996901303033,172.2788190225673,164.8325340548135,169.9226531982422,45388000
2025-03-05,169.52499437059117,172.76596631858905,168.07350701574754,172.01040649414062,30954900
2025-03-06,169.5349574978289,173.78998251590772,169.50513376118735,171.34434509277344,28302000
2025-03-07,170.26068506359857,173.94904372851937,169.27647146487496,172.84552001953125,27385800
2025-03-10,167.47084644350338,167.66992058295483,162.922287876859,165.09205627441406,43604000
2025-03-11,164.13655982614347,165.96792640359425,160.6131542630149,163.2706298828125,39587400
2025-03-12,165.7987351046607,166.85376123322993,162.76303668655365,166.3262481689453,28372400
2025-03-13,165.26122737644823,165.35081679795445,161.3496672738118,161.99661254882812,31756200
2025-03-14,162.50423247849787,165.70913119386128,161.68807116679397,164.7138214111328,31995900
2025-03-17,164.2559897412009,165.52003755245735,162.90236768488202,163.5194549560547,31184300
2025-03-18,162.9123202600298,163.47965420375513,155.98497172829607,159.91644287109375,42074800
2025-03-19,161.0013380173548,165.09206267109968,160.24490789469397,163.12135314941406,34275600
2025-03-20,160.81222633390425,164.11664727374668,160.20508669307458,162.0364532470703,28138500
2025-03-21,160.45392574948156,163.4697137211131,160.1354192715889,163.22088623046875,36625800
2025-03-24,166.28644543898992,167.53058291242263,164.36548928265282,166.89356994628906,30879100
2025-03-25,168.1874640642974,169.82973452544573,167.53057106706197,169.7600555419922,24174400
2025-03-26,168.20736616989782,168.81450579137277,164.0668735115514,164.2858428955078,28901600
2025-03-27,163.85787020298363,164.6441583248392,161.24020036188836,161.4790802001953,24508300
2025-03-28,159.73729883034673,161.0610628820661,152.9094719877664,153.60618591308594,48669300
2025-03-31,152.39191084034044,154.81050678909716,149.9534044396659,153.91473388671875,54603500
2025-04-01,152.89951197653428,157.35851155491952,152.89951197653428,156.33334350585938,30672900
2025-04-02,154.42231653657922,157.6670363544579,153.97443014331054,156.30345153808594,25041700
2025-04-03,150.40127754802887,152.06344323592336,149.68465321481136,150.0131072998047,46883400
2025-04-04,147.31581486644404,150.36147595978116,144.69816012059908,144.91712951660156,62259500
2025-04-07,140.8861135726325,152.13311801627722,139.87089326407514,146.0617218017578,76794100
2025-04-08,150.5107562403341,151.52597653644034,142.3591661655056,144.02133178710938,52200200
2025-04-09,143.74266444963052,158.8017091980402,143.23506183090237,157.9656524658203,70406200
2025-04-10,155.80581046857128,156.9802840886705,149.22681119385487,152.103271484375,48022000
2025-04-11,152.18288035899425,156.9305129193936,152.10326893032627,156.4029998779297,33636200
2025-04-14,159.24957495636372,160.96150910212248,156.8210165083235,158.32394409179688,30333000
2025-04-15,158.38367026397722,158.90122048049952,154.48205725338974,155.57688903808594,27551500
2025-04-16,152.38193809849218,155.15884578806632,150.7993839571337,152.61085510253906,28187400
2025-04-17,153.56635949907425,153.9545297569088,147.8035217962651,150.4510498046875,33046600
2025-04-21,148.1817487017602,148.25141250019158,145.41478828401154,146.9774169921875,26049100
2025-04-22,148.19169631147875,151.4762221498679,147.84333175770095,150.7595977783203,26971800
2025-04-23,154.8801740321897,156.79116721631257,153.08861317606707,154.62139892578125,31128800
2025-04-24,155.41763415068155,158.84150262211006,155.0593219807129,158.532958984375,45894000
2025-04-25,164.2957924367795,165.32096029371863,160.28468005693816,161.20037841796875,56034000
2025-04-28,161.66816061799582,162.38478487609163,157.85613751727615,159.85670471191406,29745800
2025-04-29,159.56808195579998,159.98611026905985,156.78121134684457,159.40882873535156,26809000
2025-04-30,157.23906011670073,158.5230184445377,154.67115864825115,158.0552215576172,34981100
2025-05-01,159.69748324974734,161.19044821971175,158.1647125629629,160.5435028076172,30203200
2025-05-02,162.64359387625743,164.19627488526416,161.11080813038504,163.26068115234375,25715000
2025-05-05,162.2355030126838,164.61429290949133,161.95681747402023,163.43983459472656,21341800
2025-05-06,161.40940569190968,164.02707560554774,160.43400623609975,162.4644317626953,21277200
2025-05-07,163.31046231573168,164.22614566911673,147.1466228745946,150.67002868652344,127490100
2025-05-08,154.27303609354425,155.19866702023802,152.1828792070647,153.55641174316406,57498700
2025-05-09,153.44693820644628,154.32281585111178,151.4861763255997,152.03359985351562,32435300
2025-05-12,156.75137548916837,158.35382517745646,155.5171856365556,157.71682739257812,44138800
2025-05-13,158.0452492784777,159.81691483841985,155.42759461947415,158.7817840576172,42382100
2025-05-14,159.209775932056,166.21675084206151,158.86141139731794,164.59439086914062,48755900
2025-05-15,165.06218171025907,165.43045668169412,161.60845531931332,163.19100952148438,33146700
2025-05-16,166.9433081258995,168.5557203255822,164.84320384513654,165.41053771972656,42846900
2025-05-19,163.7384030190307,165.85841766604332,163.44976987123945,165.75888061523438,30426100
2025-05-20,165.6493976210667,167.70969613346296,162.13595535028108,163.2108917236328,46607700
2025-05-21,162.9222851886465,172.32796100800184,162.79289003758296,167.76943969726562,73416000
2025-05-22,171.0440181854767,175.94094123693523,169.90936546851952,170.068603515625,74864400
2025-05-23,168.26708452621156,169.1628725233235,167.10257379846712,167.6798553466797,35211400
2025-05-27,169.36194132235366,172.35781874405163,169.20268808863054,172.08908081054688,37995700
2025-05-28,172.34784080720212,174.44794499757612,171.1037036135498,171.5515899658203,34784000
2025-05-29,173.1839175950813,173.60194591853366,169.82972818892713,171.053955078125,29317300
2025-05-30,170.5463542897915,171.4023213954702,166.65468900773928,170.9345245361328,52639900
2025-06-02,167.0528072022302,169.07328505076367,166.6049207920985,168.2372283935547,38612300
2025-06-03,166.70447307171773,167.68982022650283,164.50483134601953,165.40060424804688,45084900
2025-06-04,165.9579872104258,167.43104169003885,165.57976456796413,167.2618408203125,26900800
2025-06-05,169.54106580736408,170.12829493792012,166.80396388771035,167.4210662841797,36379100
2025-06-06,170.0287933558417,173.68157889465496,170.0287933558417,172.86541748046875,35731800
2025-06-09,173.93168685751374,175.85496833236684,173.76228116584014,175.47628784179688,28935900
2025-06-10,175.58590961128442,180.47880106496282,174.30041217393423,177.97755432128906,61766100
2025-06-11,179.14345156248174,179.7413512580689,176.13397291618807,176.7318878173828,31646800
2025-06-12,175.56596932852466,176.10409583310096,174.14096047000893,175.087646484375,20941900
2025-06-13,171.8390248989685,176.51268202547473,171.78919611484426,174.06124877929688,27663100
2025-06-16,174.12103189678987,176.32333636040028,174.04130888575864,176.1539306640625,27389200
2025-06-17,175.0876480323832,176.74186625647056,173.9715563176299,175.33677673339844,24973000
2025-06-18,175.39656976170295,175.94465595934807,172.596365522182,172.71595764160156,28707500
2025-06-20,173.3437557670882,173.7323959518227,164.88335439041927,166.05923461914062,75659900
2025-06-23,165.6905108199857,166.75677368964836,161.43538860354417,164.61427307128906,57671000
2025-06-24,166.3382681524042,167.6337405858712,165.5510280582942,166.1887969970703,40524300
2025-06-25,167.04578597314622,171.75929686583365,166.96606296199934,170.08514404296875,35479000
2025-06-26,171.8290485705118,173.08466701517526,169.34773632150527,172.9351806640625,31796700
2025-06-27,172.93517666884486,178.057262279745,171.13148726193396,177.9077911376953,108140200
2025-06-30,180.14994433141436,180.59837295030215,173.9715556124037,175.6157989501953,63378900
2025-07-01,175.12751523681553,175.47628629108172,172.92521085330227,175.22715759277344,35904500
2025-07-02,174.92820819435067,178.2366447594077,174.45986020905642,178.0174102783203,29128900
2025-07-03,177.8779030413717,179.0438236063814,176.43295953117723,178.90431213378906,21689700
2025-07-07,178.43593621915562,178.67510524325024,175.0677113564662,176.17384338378906,34175600
2025-07-08,177.2301614259221,177.3298037815242,172.20771837081963,173.7523193359375,40442500
2025-07-09,174.63923502855474,178.81463486384698,172.16788235105685,176.00445556640625,43025600
2025-07-10,175.0179065004666,177.80813589252995,173.77226294843484,177.00096130371094,29252400
2025-07-11,176.1738371634896,180.79766502679848,175.8649200217802,179.56199645996094,34282900
2025-07-14,180.37912942255304,183.0298623068854,179.05376298038684,180.92721557617188,32536600
2025-07-15,182.17286668727073,183.5779561932956,180.9670923041272,181.36569213867188,33448300
2025-07-16,182.60138443088442,183.68758195520638,181.39559478616047,182.3323211669922,33104200
2025-07-17,181.5052018275631,183.418508384776,179.8509836397114,182.940185546875,31992600
2025-07-18,184.7538504683164,185.77029989137577,183.06975311389598,184.4150390625,34014500
2025-07-21,185.6008814217948,189.62679452163042,185.50122385959315,189.43746948242188,45803100
2025-07-22,190.83260277114414,190.98207392344648,186.80668927782472,190.67315673828125,44660200
2025-07-23,190.8325947249331,191.85900380909362,188.520672962732,189.5670166015625,58681900
2025-07-24,196.34329095248222,197.26008265567518,190.33430850259245,191.50022888183594,74881700
2025-07-25,191.31091436137532,193.65273031316045,190.59342246149265,192.50672912597656,39785900
2025-07-28,192.97509170180885,193.37370675914636,190.17488744855515,191.90882873535156,38139500
2025-07-29,191.7593429801203,195.23718523880464,191.41057191018163,195.06777954101562,41389200
2025-07-30,194.91831074404357,196.91134044406198,194.0114785811888,195.84506225585938,32445400
2025-07-31,195.0279201110307,195.30694304131825,190.42401135006776,191.23118591308594,51329200
2025-08-01,188.3712133978127,190.16494328814227,187.16543886432095,188.4708709716797,34832200
2025-08-04,189.62679933287328,194.5894541087341,189.45739363731957,194.36024475097656,31547400
2025-08-05,194.03140047861146,197.17041596913074,193.21425105621586,193.9915313720703,31602300
2025-08-06,193.82214592784317,195.94472750739845,192.9950367452259,195.40660095214844,21562900
2025-08-07,196.37320958328212,196.85153244317704,193.65272836026733,195.83509826660156,26321800
2025-08-08,196.53264334375206,201.90385732363322,196.48281456433622,200.71800231933594,39161800
2025-08-11,200.2396805407711,200.77779182670545,198.3762027845806,200.29946899414062,25832400
2025-08-12,200.66818175308578,203.7872779637538,199.8909014203329,202.63131713867188,30397900
2025-08-13,203.41856930663727,203.81716914109546,196.82163104540848,201.25613403320312,28342900
2025-08-14,200.7977432270797,203.7274993328687,200.5286799587332,202.23272705078125,25230400
2025-08-15,203.13954799676898,205.7205176785909,200.57849766290207,203.18936157226562,34931400
2025-08-18,203.4883135252893,204.5545916306713,201.7842817792717,202.79075622558594,18526600
2025-08-19,202.32241111724275,202.73098585981091,199.26311839930437,200.8675079345703,24240200
2025-08-20,200.03040999419306,200.57849617106174,195.9148142419443,198.62533569335938,28955500
2025-08-21,199.0538330078125,201.77431417758274,198.73494097038414,199.0538330078125,19774600
2025-08-22,202.02342922176388,207.81317743511988,200.59842044056904,205.37171936035156,42827000
2025-08-25,205.71054863967242,209.78630584234324,204.56456266974786,207.7633819580078,29928900
2025-08-26,206.7867811726176,207.12560776169755,204.98309181316571,206.41807556152344,28464100
2025-08-27,204.9830866269172,208.18190575216585,204.93325784693593,206.7568817138672,23022900
2025-08-28,206.5276902069273,211.4803699291827,206.17890394821848,210.9023895263672,32339300
2025-08-29,209.77632411753885,213.90189476250458,209.46740696384475,212.16796875,39728400
2025-09-02,207.7135567307211,210.94225509702446,205.48135800383685,210.61341857910156,47523000
2025-09-03,225.42162175778444,230.50383816310156,224.0065573472935,229.85610961914062,103336100
2025-09-04,228.8496136665047,231.56013509073304,225.32195802772998,231.49038696289062,51684200
2025-09-05,231.3907399385365,234.9383302920627,231.09178244912047,234.1809844970703,46588900
2025-09-08,234.85922103336074,237.51232497352402,233.06388696786647,233.43292236328125,32474700
2025-09-09,233.56257898038902,239.8462403027557,232.62501483391662,239.0084228515625,38061000
2025-09-10,238.28030242478394,241.0331528996711,237.23303823372945,238.5496063232422,35141100
2025-09-11,239.25778647565335,241.62163412512044,235.63719736660352,239.7465057373047,30599300
2025-09-12,239.7464919977143,241.4520630725996,237.38264448371655,240.17538452148438,26771600
2025-09-15,244.02536743382055,251.75526430827645,244.02536743382055,250.95733642578125,58383800
2025-09-16,251.42612617048883,252.38362748338088,248.82289569604956,250.50851440429688,34109700
2025-09-17,250.56835490468708,250.94737408261642,245.6411664684413,248.8827362060547,34108000
2025-09-18,251.0271682452624,253.33118919660149,249.15205506430715,251.3762664794922,31239500
2025-09-19,252.59310739678662,255.3359743083016,251.15684010622883,254.05929565429688,55571400
2025-09-22,253.7700350469374,255.11653941381564,249.65075806779814,251.87496948242188,32290500
2025-09-23,252.38362744671002,253.7002107757565,249.8302703204236,251.00721740722656,26628000
2025-09-24,251.00722705371746,251.69543970951247,245.80076590550527,246.4989471435547,28201000
2025-09-25,243.76602627878,245.8506164364007,240.1155317960277,245.1524200439453,31020400
2025-09-26,246.42913668030897,248.7730319241888,245.33198386371188,245.90049743652344,18503200
2025-09-29,247.20709239615746,250.4985201433971,242.1402679011131,243.4169464111328,32505800
2025-09-30,242.18018034462705,242.6589310263489,238.6294169517045,242.4694366455078,34724300
2025-10-01,240.12551089529904,245.66111761710096,237.9910625183314,244.26473999023438,31658200
2025-10-02,244.51409604788847,246.16979380429245,241.67149783253905,245.05270385742188,25483300
2025-10-03,243.85582267520638,245.66112527970623,241.0331615881319,244.71359252929688,30249600
2025-10-06,244.14505728413704,250.66810152305118,243.94557911341744,249.7803955078125,28894700
2025-10-07,247.62601181924765,249.7903811872092,244.88314509840285,245.1225128173828,23181300
2025-10-08,244.3246032710778,245.37186749350337,243.18756093367097,243.9854736328125,21307100
2025-10-09,243.83586445575082,244.12510552114733,238.52965682972516,240.9034881591797,27892100
2025-10-10,240.80373872383117,243.45684250665406,235.22824247873842,235.95635986328125,33180300
2025-10-13,239.58694087972822,243.865806618421,239.08823779870895,243.51670837402344,24995000
2025-10-14,240.60426901896764,246.47899033376285,239.88613541009548,244.81332397460938,22111600
2025-10-15,246.6086665065597,251.45606092411225,245.35194025727193,250.3788604736328,27007700
2025-10-16,251.1169327071502,256.29345747170413,249.45126638195018,250.8077392578125,27997200
2025-10-17,250.10953966399788,253.56057134926166,247.16719481275433,252.64295959472656,29671600
2025-10-20,254.0293759063695,256.6625123260812,253.5705623788801,255.88453674316406,22350200
2025-10-21,254.07923005269296,254.2188662949897,243.51668810909678,249.81033325195312,47312100
2025-10-22,253.710180894347,255.69500926260113,248.64335615777878,251.03713989257812,35029400
2025-10-23,252.3237915100895,254.3784456458486,251.19673296350098,252.4235382080078,19901400
2025-10-24,255.91448590080523,261.00126393641233,254.65777470591715,259.245849609375,28655100
2025-10-27,264.13306424820985,269.43927147389144,263.5944564854066,268.5715026855469,35235200
2025-10-28,268.99045739081123,270.0277682724026,265.80872945123696,266.7762145996094,29738600
2025-10-29,267.0555012387311,274.6258103943446,266.97572213826885,273.8578186035156,43580300
2025-10-30,290.8336705300809,290.8336705300809,279.3335782487789,280.7499084472656,74876000
2025-10-31,282.47538175038454,285.25815337777135,276.3114191679317,280.46063232421875,39267900
2025-11-03,281.4480558536455,284.7893724933962,279.0742243823285,282.98406982421875,29786000
2025-11-04,276.032169962035,280.54043509536257,275.5434506570495,276.82012939453125,30078400
2025-11-05,278.1466184544242,285.677052345188,276.62058842555,283.572509765625,31010300
2025-11-06,284.5898957734926,287.60208195818814,280.41079182644177,284.01141357421875,37173600
2025-11-07,282.47533241266484,283.0438611130793,274.4761475995039,278.106689453125,34479600
2025-11-10,283.6822445549795,290.0456696400176,282.12626310035637,289.3475036621094,29557300
2025-11-11,287.0035887304013,291.1627853205446,286.5747114373448,290.5543518066406,19842100
2025-11-12,290.9233873275988,291.2525483673142,282.9541227840324,285.9662780761719,24829900
2025-11-13,281.60762197974475,282.1063250073575,276.5208450104115,277.847412109375,29494000
2025-11-14,270.7059931829425,277.8374407083971,269.99784337488455,275.6930236816406,31647200
2025-11-17,285.038677928695,293.1874981262189,282.8344192497114,284.2806396484375,52670200
2025-11-18,287.1731753233953,288.05086711584505,277.4783868942568,283.5426025390625,49158700
2025-11-19,286.41513772838755,303.0219431129204,285.88651371587775,292.05047607421875,68198900
2025-11-20,303.7500416076266,305.625169818548,287.92121274474346,288.6991882324219,62025200
2025-11-21,295.6511046778972,303.1316497984607,293.0877639113642,298.8826904296875,74137700
2025-11-24,310.3229443803346,318.651290855991,308.79691436510495,317.75360107421875,85165100
2025-11-25,325.3638169665917,327.9770159307299,316.82602366827604,322.60101318359375,88632100
2025-11-26,319.8482042131112,323.658303098724,315.9683100285969,319.1201171875,51373400
2025-11-28,322.5312152935296,326.0021995827445,315.9682963529555,319.3494873046875,26018600
2025-12-01,316.8759202886677,319.02033724928003,313.07580560094704,314.0732116699219,41183000
2025-12-02,315.91839456558273,317.554155160306,313.09574872951146,314.9908142089844,35854700
2025-12-03,315.07061440214585,320.74582687116515,313.2852490348319,318.8009033203125,41838300
2025-12-04,321.3942008459266,321.5238380796439,313.8837336096964,316.796142578125,31240900
2025-12-05,318.6612335259534,322.32172694260385,318.34208673882245,320.4366149902344,28851700
2025-12-08,319.42862865409404,319.81788611091974,310.61578500656543,313.1109313964844,33909400
2025-12-09,311.7635388280278,317.3726229056239,311.2944500995635,316.4643859863281,30194000
2025-12-10,315.2168165746965,320.6861883612462,314.069055340672,319.58831787109375,33428900
2025-12-11,319.45853583973854,320.4965251579071,308.0008443067889,311.8233947753906,42353700
2025-12-12,313.0909556884665,314.25866704717134,304.96674508462553,308.68951416015625,35940200
2025-12-15,310.7155693717638,310.81538131016634,304.288070405232,307.62158203125,29151900
2025-12-16,304.3579426322819,310.16661977978157,302.00250880457793,305.97479248046875,30585000
2025-12-17,307.4120099511304,307.4918412298865,295.54507970361715,296.1439208984375,43930400
2025-12-18,301.1342186567393,303.3698600006946,298.6490626821344,301.8727722167969,33518000
2025-12-19,301.1442091965169,306.65348128006514,300.3856749721532,306.56365966796875,59943200
2025-12-22,309.2783702904479,309.52788491338026,304.70724534166345,309.1785583496094,26429900
2025-12-23,309.02884787804055,314.328535898872,308.7194521900694,313.73968505859375,25478700
2025-12-24,314.15886656933606,314.4682622711062,311.3144241794057,313.4801940917969,10097400
2025-12-26,313.8694546536391,314.4782557314601,311.67371372407564,312.9013366699219,10899000
2025-12-29,310.76548227407176,313.41033130955566,310.0169383701615,312.95123291015625,19621800
2025-12-30,311.8932765746258,316.3346490163796,311.85334570689247,313.24066162109375,17380900
2025-12-31,312.2426007868329,313.9692224596297,310.83533467851674,312.3923034667969,16377700
2026-01-02,316.28474944088583,321.8738834308866,309.72749743587605,314.53814697265625,32009400
2026-01-05,317.0432968268774,318.4006418955826,314.01918050346546,315.92547607421875,30195600
2026-01-06,315.7857038876524,320.3168980142969,311.17467848252585,313.7297058105469,31212100
2026-01-07,313.74965751082357,325.51677583182123,313.58000462136766,321.3548889160156,35104400
2026-01-08,328.3313118537803,329.67869694461876,320.8758135066914,324.80816650390625,31896100
2026-01-09,326.45496079982934,330.1876899539591,325.16745676828174,327.9320983886719,26214200
2026-01-12,325.16743586064183,333.3914583276215,324.3690012716118,331.2156677246094,33923900
2026-01-13,334.29970979162056,339.828932001794,332.9722749179122,335.3177185058594,33517600
2026-01-14,334.40947336413166,335.8666302231012,329.83837890700147,335.1879577636719,28525600
2026-01-15,336.9944202593897,337.03435112462023,330.0978329050398,332.1338806152344,28442400
2026-01-16,333.7607557246461,334.00028002450074,327.0637915356931,329.35931396484375,40341600
2026-01-20,320.2470363972373,327.0937337673917,319.80788820634325,321.3748474121094,35361000
2026-01-21,320.2969541162656,331.83450818795274,318.729994927537,327.7424621582031,35386600
2026-01-22,333.8006975362521,334.49932025317224,328.1117515615861,329.8982849121094,26253600
2026-01-23,331.8444485977197,333.0421309365838,326.8142558744754,327.2933044433594,27280000
2026-01-26,327.1735452193246,335.1879535299186,326.3651202937951,332.61297607421875,26042100
2026-01-27,334.71886692218493,337.2539439848537,332.8325522369338,333.90045166015625,21636200
2026-01-28,335.40755676022206,336.88469439192147,331.2955603721992,335.357666015625,27434400
2026-01-29,339.63926930341205,341.62542627766146,325.90600610893915,337.59326171875,39785600
2026-01-30,339.33989756206086,339.33989756206086,331.64487488391205,337.3437805175781,31024000
2026-02-02,335.56723722383623,344.160506471566,334.9783863513143,343.0227355957031,32006100
2026-02-03,346.66563680855586,348.322417578686,336.81480425638233,339.0504455566406,36506700
2026-02-04,342.2941250868659,342.6434516437907,327.8821583120744,332.3934020996094,70618400
2026-02-05,311.61382084171163,332.04407921106184,305.8649942318392,330.60687255859375,88205800
2026-02-06,326.54477434837446,329.7385737476322,319.2988903139048,322.233154296875,56380500
2026-02-09,320.30690521957837,327.0637807183464,316.6440476026885,323.6903381347656,39640100
2026-02-10,320.3468306795893,321.0454837970353,313.9991629255859,317.9614562988281,39170000
2026-02-11,318.3507205277581,320.43665913490463,309.0587983421378,310.35626220703125,45406400
2026-02-12,311.4840518259579,315.6259882196205,306.603561940612,308.4000549316406,47761300
2026-02-13,307.1325415821482,308.03078810659247,303.1203270701956,305.1264343261719,38499700
2026-02-17,299.45745756709624,303.84890853372514,295.674807618098,301.43359375,39247600
2026-02-18,301.5035060024616,304.7871271852118,300.66514046909924,302.7410888671875,28482100
2026-02-19,301.23402488534225,304.87693233204385,299.4574819671566,302.26202392578125,25834400
2026-02-20,303.72916224594877,315.885507154404,303.30996428502766,314.36846923828125,53210800
2026-02-23,318.43054299285177,318.8996316925602,309.2683735389658,310.8852233886719,31423000
2026-02-24,309.91711960911005,311.6637220131571,305.33603467292323,310.29638671875,25615600
2026-02-25,311.45411503231185,313.03106442763067,308.83920678711326,312.29248046875,29963600
2026-02-26,312.0330312197015,312.5320604811519,301.7630004907203,306.7832336425781,36431200
2026-02-27,303.5495233120643,311.7635251790807,303.21015662264614,311.15472412109375,44640600
2026-03-02,302.6413055358027,307.89107280501906,300.7150293830805,305.9248962402344,34790200
2026-03-03,298.01026816236094,303.34988694776314,296.1339134078651,302.9905700683594,35497000
2026-03-04,302.30197959238774,304.8769573413998,300.1661195993462,302.54150390625,29536200
2026-03-05,302.4516473530844,302.711121843687,297.4114338033223,300.29583740234375,35752300
2026-03-06,295.5151547022239,299.94653713519574,294.60691775969326,297.9404296875,25576900
2026-03-09,293.99527562141907,306.4198649966507,293.71562375842984,305.98040771484375,29312100
2026-03-10,305.79068968096857,309.1265479913924,305.1914269440574,306.65960693359375,23239700
2026-03-11,306.3699695674413,311.0341973481569,305.54101125974313,308.31756591796875,24125700
2026-03-12,306.43985713507476,308.5572255769297,300.65702241451555,303.17388916015625,24928300
2026-03-13,306.6296377698095,307.3087879643589,300.0677703977713,301.9054870605469,23693100
2026-03-16,303.97293465389924,306.11026747244654,302.64456537566065,305.1814270019531,23519700
2026-03-17,305.48103123176395,311.03417054952814,305.1214918945171,310.5347900390625,21955200
2026-03-18,308.88680583632095,312.08285325242963,306.5497087361953,307.30877685546875,20009800
2026-03-19,303.63335165234247,307.67832164750223,301.9754046785898,306.7494812011719,25075800
2026-03-20,305.0815409313132,305.62088043111504,297.9004465638477,300.6270751953125,44364100
2026-03-23,301.7357168812967,305.60094814101865,300.5571860375472,301.685791015625,29326900
2026-03-24,298.82932646685043,299.5484356615691,289.97029010977093,290.0801696777344,36864300
2026-03-25,293.07644958925243,295.6332754793409,288.8816409209488,290.5695495605469,29460700
2026-03-26,287.55329025783345,287.5932492331535,278.15494535852446,280.57196044921875,39080600
2026-03-27,276.9364822022131,279.02388928595167,273.6106210828978,274.0001220703125,35890600
2026-03-30,276.07755917965534,276.74671205405957,271.772870758184,273.1611633300781,35141200
2026-03-31,277.6955407888773,287.72308014338427,276.74670556560056,287.2037353515625,43875400
2026-04-01,290.47967248402244,300.14767254424095,290.05021252939383,297.0215759277344,37684500
2026-04-02,290.3298713924274,297.71070019384774,289.0914173614996,295.403564453125,21666500
2026-04-06,295.50342601468935,300.2475409865838,294.8142784540748,299.6183166503906,16945500
2026-04-07,302.3549447988444,305.2513457589993,297.3511421656273,305.08154296875,23205400
2026-04-08,320.0530070056894,321.68096199730417,314.6297110626625,316.9268798828125,33547100
2026-04-09,315.51860784412145,319.1441153425082,310.6746106421415,318.09539794921875,23739200
2026-04-10,319.62350892085055,321.4312640320202,315.9281112234418,316.8469543457031,19152600
2026-04-13,316.74710955552524,321.2315371363443,315.0791651091577,320.91192626953125,18866400
2026-04-14,324.38762340838895,332.8770926852431,323.3489033390031,332.49755859375,27721400
2026-04-15,332.4775916674409,337.0619013824557,330.49003638532656,336.70233154296875,24918800
2026-04-16,338.33029678032364,339.458901613874,334.105526677332,335.6036682128906,20541500
2026-04-17,337.2316773591919,341.89590508018404,335.8234205588037,341.2566833496094,25581900
2026-04-20,340.3378420577138,340.97703331198585,336.1929591105031,337.0019836425781,18784200
2026-04-21,337.2716301294484,338.9195798085849,330.9394885663705,331.8783264160156,23123800
2026-04-22,336.60245884112476,339.3990082413208,334.7547751685775,338.8996276855469,20293000
2026-04-23,340.7572947145818,341.53632713037314,335.7634893621326,338.47015380859375,18650300
2026-04-24,338.3103390739037,344.8422143498026,334.97448084779876,343.9732971191406,26426100
2026-04-27,345.55136124882,352.74242256668157,342.3053878156813,349.90594482421875,28576900
2026-04-28,348.11816206941427,351.9833930501032,345.69117996136276,349.3466491699219,27824100
2026-04-29,347.1394107424554,355.3492283904879,343.78355752060145,349.5064697265625,35376300
2026-04-30,373.6065555628184,385.3619622201579,365.3667768501622,384.3232421875,72040000
2026-05-01,381.1572209075714,386.2808704617397,378.5804000830116,385.2121887207031,30105200
2026-05-04,385.15223320621686,386.90006506467324,379.31947226185457,382.7751770019531,26298600
2026-05-05,385.7515048868787,392.33333678038815,383.5442209432822,387.9487609863281,23878600
2026-05-06,393.7615619135972,399.3546301445318,392.2734176347804,397.546875,31308500
2026-05-07,399.42454979908837,399.6043194807176,392.1934987581594,397.4969177246094,24433500
2026-05-08,396.5081562950806,401.5019617899809,395.86893456144384,400.3034362792969,21461800
2026-05-11,393.16228042470647,396.94759333072534,387.9887055115338,388.15850830078125,30753700
2026-05-12,386.8601198229993,388.0386506028281,382.2957742925754,386.8701171875,26017500
2026-05-13,385.1222825184223,403.1998643489371,384.5230197682841,402.1211853027344,28144600
2026-05-14,396.7878070287349,402.43080112559403,395.349588612008,400.5731201171875,21136700
2026-05-15,395.82900006662373,399.0450119758119,392.69287563304505,396.2884216308594,20309700
2026-05-18,395.1997907850553,408.10376741205215,394.04122422601415,396.4482421875,26837200
2026-05-19,396.4681837278221,396.65795076850566,385.63162007935824,387.1797180175781,39545700
2026-05-20,387.2196997137571,393.37204141137994,382.42562803382646,388.4281921386719,31744400
2026-05-21,385.22215486500835,392.01371791338363,382.5454520468608,387.1797180175781,24852800
2026-05-22,386.87012298265273,388.258385079403,381.29701890681014,382.49554443359375,20442100
2026-05-26,384.0336125447445,388.7777274266938,382.12597532411496,388.398193359375,27747400
2026-05-27,386.1909390913781,393.39199754996946,385.421873594791,388.3482360839844,23087300
2026-05-28,387.5193014898567,391.38450201712897,384.68282366229704,389.64666748046875,24357500
2026-05-29,384.7626974671623,384.7626974671623,377.9910987617443,379.8687744140625,44415800
2026-06-01,376.05352511273605,378.09100632744554,373.05724175924524,375.9037170410156,28672100
2026-06-02,366.13582064636165,373.07722234401785,357.99592394061045,361.4017028808594,50412300
2026-06-03,361.5814692403301,365.9960065843375,357.6363508187865,358.54522705078125,55441600
2026-06-04,358.4553682250688,372.7875967270043,357.76622059782807,371.7289123535156,44055500
2026-06-05,365.88613605551615,371.6190149899659,363.6688852043904,368.07342529296875,37471200
2026-06-08,364.9454235864071,365.9647879200631,360.2984165590168,363.0766296386719,27942500
2026-06-09,366.85420025674074,371.84098522768176,357.0704802123837,364.0260314941406,29535100
2026-06-10,362.95671584537644,368.3232616719084,354.97185779418805,356.1510925292969,32357100
2026-06-11,355.70134679025995,358.5694982511428,346.13748714351743,357.5401611328125,35538200
2026-06-12,362.3870579560934,366.33453278338226,354.7119986974298,359.4489440917969,24704600
2026-06-15,367.69366113705985,372.7504085202595,366.3145426692825,369.1127624511719,27727500
2026-06-16,369.3626044753487,375.7584875251172,366.8242274297617,373.01025390625,24876100
2026-06-17,368.8929017493238,372.0908279957741,361.78745285393074,363.55633544921875,24543600
2026-06-18,365.51504497617543,369.2426598317581,358.4396065335441,367.7935791015625,44470100
2026-06-22,357.72009076397745,358.68946892539066,341.50050477393233,349.45538330078125,52814800
2026-06-23,340.47114598010614,349.0656275102868,339.98147051143604,345.90765380859375,34007700
2026-06-24,348.8157979233392,353.25294826847323,341.7103492701006,345.0682067871094,44997300
2026-06-25,336.51370015420923,345.34801779729577,335.6242572392167,343.48919677734375,44491400
2026-06-26,342.32993723999033,346.1374872957393,329.98789515004995,337.17327880859375,114706300
2026-06-29,341.6104064955248,354.122383587675,340.4511784786947,353.4228210449219,34213900
2026-06-30,353.64269008629407,358.3896389689017,350.1749177879227,357.14044189453125,35237200
2026-07-01,358.1397942573561,362.7368455226467,356.20103798676814,360.97796630859375,26736400
2026-07-02,359.2490860357571,363.97602803095486,353.19298133516355,359.6788024902344,25974800
2026-07-06,361.31772936423556,367.693635754559,357.15042523629825,366.2245788574219,26915800
2026-07-07,368.8329180211536,372.9202869594668,365.26520405735874,366.7942199707031,24045600
2026-07-08,364.525702555654,367.6037106679975,357.79001132287857,361.6875305175781,22094800
2026-07-09,354.08240970637695,359.41897594546776,350.8544734886641,358.65948486328125,24729100
2026-07-10,357.30034280387986,357.5901650645865,352.52341441108456,356.9505615234375,18146100
2026-07-13,355.96119810970276,357.8999543595846,351.52404777471276,352.2835693359375,15901700
2026-07-14,350.97442351070157,359.92865963343,350.86447830880365,359.2790832519531,18259400
2026-07-15,357.74006858863044,373.40998963278184,357.5302120160503,370.6817626953125,28284600
2026-07-16,372.8203579699616,375.02892981037553,352.07368364698067,354.2322998046875,41158500
2026-07-17,345.77774679993126,348.2961170979314,341.1407126662452,346.5472412109375,29959300
2026-07-20,350.6546131580819,359.4489481797366,350.2948285491913,351.7638854980469,24736600
2026-07-21,351.09433677099497,351.09433677099497,346.77710440528256,346.927001953125,23369800
2026-07-22,347.93634723653764,349.7152025525983,341.51048515922605,341.8702392578125,39334100
2026-07-23,320.92372412122546,324.2815511558238,314.69771503877246,317.4859313964844,69419700
2026-07-24,318.2154780071113,323.97175736278774,317.11617848672984,319.53460693359375,31806600
2026-07-27,324.83120713377,330.2077559724587,324.2415898017393,326.3502197265625,28471600
2026-07-28,327.68937042492354,335.66425552638333,324.2316014627561,333.4956359863281,29511900
2026-07-29,334.455045685483,342.2800028423013,331.40698648547414,336.49371337890625,27501600
2026-07-30,333.98534038388266,336.29385412629074,330.12780397797883,333.4456787109375,30168000
2026-07-31,340.611054758666,358.3496530632621,339.78160132747564,355.9012451171875,46498000
2026-08-03,365.2152604560987,376.4480305309448,363.1166033198653,373.27008056640625,38669700
2026-08-04,367.9834743668337,380.2755612380555,367.263935640354,377.40740966796875,35705700
2026-08-05,383.0937455186354,384.2330278418686,356.54080629618977,362.1971740722656,46926300
2026-08-06,360.5382517887205,363.8961093831237,356.65076635274994,357.52020263671875,25235900
2026-08-07,356.49084652154687,358.6694387836589,353.5527327193329,354.0723876953125,19859900
2026-08-10,354.951850943437,357.38028276908574,352.4834362714388,357.29034423828125,18991400
2026-08-11,355.6613923515014,356.5807842683805,343.1694223006263,343.5791320800781,29081800
2026-08-12,346.0875456512855,346.25744987105145,340.66104092628797,343.3193359375,25012000
2026-08-13,345.5478948342235,347.7065110877775,343.5392066313974,346.13751220703125,17866100
2026-08-14,346.5772111705174,350.22489088982945,344.27870083870846,345.67779541015625,17808600
2026-08-17,346.04755304110785,347.0269344906474,341.7103446182459,343.7790222167969,18291300
2026-08-18,342.19005363605754,344.6484648943574,339.97147845233087,343.9789123535156,19248800
2026-08-19,342.2400076559886,346.5072842825429,340.44117610948047,344.4985656738281,19733800
2026-08-20,342.83962071417653,343.6790774504127,338.3525147854226,340.451171875,18570400
2026-08-21,342.359928876986,345.97762917305914,340.1813365286692,344.5985107421875,20849800
2026-08-24,343.39927531721605,351.3741604480826,342.2699962782288,347.83642578125,26338200
2026-08-25,349.41542326154587,349.9350782600912,345.37800981753963,346.73712158203125,20649700
2026-08-26,346.3973312516375,346.65717399060424,339.96146577825954,341.7803039550781,20420300
2026-08-27,339.45183186724313,341.4705233735174,338.3025461528343,340.4311828613281,23391400
2026-08-28,340.49114263603377,348.91575095848634,340.0514228221321,346.36737060546875,25347200
2026-08-31,343.60912172254496,344.3686432833908,336.94342338566804,339.13201904296875,33493600
2026-09-01,335.7841605001305,336.9834018439635,332.8360433203593,334.8047790527344,23342700
2026-09-02,333.84541044728496,339.78159726283246,332.6062167342666,336.9034423828125,22582300
2026-09-03,340.34122971001256,344.4585782378343,339.841550898423,342.260009765625,20726900
2026-09-04,342.4700012207031,343.5299987792969,337.0899963378906,338.4599914550781,23189300
2026-09-08,335.4200134277344,339.67999267578125,333.2200012207031,338.3599853515625,22915800
2026-09-09,331.6499938964844,331.8500061035156,327.8999938964844,330.6499938964844,33151600
2026-09-10,328.2300109863281,333.2300109863281,327.739990234375,332.6000061035156,23557600
2026-09-11,335.0299987792969,342.9800109863281,335.0299987792969,338.5,24708300
2026-09-14,343.1199951171875,349.9100036621094,342.1400146484375,349.3900146484375,35905400
2026-09-15,346.79998779296875,348.07000732421875,342.70001220703125,344.9800109863281,21928600
2026-09-16,347.0799865722656,348.3999938964844,340.6400146484375,342.8699951171875,18928900
2026-09-17,348.67999267578125,349.5,343.8900146484375,347.3299865722656,19238400
2026-09-18,357.30999755859375,359.44000244140625,348.45001220703125,349.5400085449219,47631800
2026-09-21,350.6400146484375,357.6099853515625,349.1000061035156,354.9700012207031,30455400
2026-09-22,357.6499938964844,364.1700134277344,350.2200012207031,351.1600036621094,29788600
2026-09-23,349.8599853515625,350.0,337.45001220703125,337.8299865722656,35576200
2026-09-24,336.2200012207031,343.0899963378906,336.0199890136719,342.3599853515625,23777200
2026-09-25,342.3500061035156,347.0299987792969,341.1099853515625,343.9200134277344,21880800
2026-09-28,340.70001220703125,343.5899963378906,339.55999755859375,342.75,19318300
2026-09-29,341.95001220703125,342.8399963378906,338.0199890136719,340.9200134277344,21066900
2026-09-30,344.1499938964844,352.6000061035156,340.989990234375,344.0799865722656,37373700
2026-10-01,350.7900085449219,353.2200012207031,335.510009765625,338.239990234375,33269300
2026-10-02,341.32000732421875,345.7699890136719,341.1600036621094,343.5,23738200
