Date,Open,High,Low,Close,Volume
2021-09-24,286.2195130742343,287.7262628330811,284.9718498809772,287.2944030761719,14999000
2021-09-27,284.21363131308823,284.5303284068583,281.14249251178086,282.3229675292969,23571700
2021-09-28,278.1289850116234,279.069528394677,271.3629186493173,272.1018981933594,43186200
2021-09-29,273.61826695321446,275.2209951886973,271.6124403531808,272.56256103515625,26353700
2021-09-30,274.20372168206217,276.2383391909567,270.2784399241369,270.5663757324219,32343600
2021-10-01,270.75821680304153,278.301687374449,269.9616561615891,277.4571228027344,30086300
2021-10-04,275.82561222271863,276.16152262576014,268.96356808295144,271.7083740234375,31350700
2021-10-05,272.6104927683687,278.70476619683035,272.6104927683687,277.1308288574219,24993000
2021-10-06,274.27081610113123,281.8046798760864,274.01170032174,281.30560302734375,28002600
2021-10-07,283.29231359523686,284.6935366211754,282.0830770442581,282.9756164550781,20430500
2021-10-08,284.2904382451461,284.6935366211754,281.9295171528448,282.9756164550781,17685700
2021-10-11,281.1232531041537,285.9698628659202,280.9600866229127,282.3804931640625,19298600
2021-10-12,283.4458821015579,283.5418606976777,280.57630659547624,281.0849609375,17974100
2021-10-13,283.0331577701654,285.307706593833,281.67033223174053,284.37677001953125,23416300
2021-10-14,287.1599913093113,291.05648172385895,285.83556297646015,290.55743408203125,27262900
2021-10-15,290.16390256494424,292.1889420783388,288.4171921254101,291.9585876464844,25384800
2021-10-18,291.34439492137415,295.79751392665924,290.4998302940227,294.9145812988281,22729300
2021-10-19,295.93190452763184,296.8436278454899,294.8474080448137,295.8167419433594,17682100
2021-10-20,296.7573440456716,297.22763045586345,293.782182817939,295.02984619140625,16537100
2021-10-21,294.7993649678428,298.49429060596367,294.0219591273545,298.2447814941406,16918100
2021-10-22,297.8993420062516,298.56155617287357,295.40404521926826,296.70928955078125,17449300
2021-10-25,296.90120994069343,296.9396072317386,294.1180067552253,295.72076416015625,17554500
2021-10-26,298.4751735047065,299.81878579139044,296.1718339720267,297.6210021972656,28107300
2021-10-27,303.2738027325777,312.9670535510442,303.2738027325777,310.1550598144531,52588700
2021-10-28,311.2683538472866,311.78661480927093,308.41796248920383,311.2875671386719,26297900
2021-10-29,311.0763923948779,318.6294410245631,310.85564458763923,318.2647399902344,34766000
2021-11-01,318.0151944565091,318.1399636800593,313.2261650477916,316.1053466796875,27073200
2021-11-02,317.0074904775489,320.02104795725353,316.7099773873297,319.71392822265625,26487100
2021-11-03,320.45291058114077,321.4126377941951,317.3337971387141,320.54888916015625,21500100
2021-11-04,319.48366550974254,322.98666463204586,316.2397822393411,322.89068603515625,23992200
2021-11-05,324.8773141787061,325.14603666479826,320.9520328371746,322.5259704589844,22570100
2021-11-08,323.7159701176598,324.05188049254014,320.9711644072854,323.41845703125,20897000
2021-11-09,323.53360684587807,325.07878279395607,321.0575236753706,322.42034912109375,21307400
2021-11-10,321.09588131914967,321.1534625982001,316.6331564614686,317.4776916503906,25500900
2021-11-11,317.9096735712425,320.3281758647958,317.19948472941286,319.0421447753906,16849800
2021-11-12,320.47216845555636,323.6488636296379,320.34739921433277,323.1593933105469,23831000
2021-11-15,323.9463532471072,324.27265700662844,320.57770113283607,322.5355529785156,16723000
2021-11-16,322.16126404658087,326.95032335349225,321.99812680159425,325.8370361328125,20886800
2021-11-17,325.8851065761686,329.0099268651389,324.9813100529108,326.05816650390625,19053400
2021-11-18,325.15429587394624,329.2598468353323,324.1351262978114,328.1252746582031,22463500
2021-11-19,329.442540350279,331.8077802509148,329.01948549427823,329.8944091796875,21963400
2021-11-22,331.34626493417426,336.20177166262135,326.4715391090011,326.7407531738281,31031100
2021-11-23,324.067875438659,326.3754584116151,320.7123087229874,324.6736145019531,30427600
2021-11-24,323.3275835286007,325.13517671876446,321.0488729392215,324.8948059082031,21661300
2021-11-26,321.4718586551738,324.91395501030433,315.4818087833129,316.9817199707031,24217200
2021-11-29,322.0390929755921,325.97155461447386,321.84678465390203,323.66400146484375,28563500
2021-11-30,322.4045150069706,324.7697551795586,316.31831064916247,317.856689453125,42885600
2021-12-01,322.22177836447145,326.2119266473579,316.7028757470775,317.36627197265625,33337600
2021-12-02,317.57777948841607,320.64491218398075,315.17407231898477,316.7989807128906,30766000
2021-12-03,319.20279534885117,319.88546954113923,305.7804982116358,310.5686950683594,41779300
2021-12-06,311.47244701692887,314.83763770524575,306.9342458292847,313.62615966796875,30032600
2021-12-07,318.86626463105284,322.8660084465521,317.38557246325246,322.0199279785156,31021900
2021-12-08,322.3948633464057,322.57754746432244,318.05856561396024,322.0679626464844,24761000
2021-12-09,321.5295600175577,323.5294319116375,319.3277555505204,320.27001953125,22214200
2021-12-10,322.0775658320641,329.78864844836016,321.894881726078,329.34637451171875,38095700
2021-12-13,327.55805926915104,330.54828700278097,326.0196804228618,326.3273620605469,28899400
2021-12-14,320.38543259627,321.75075164875943,311.6263053995195,315.6933898925781,44438700
2021-12-15,315.95294877643335,322.279524033455,312.0012673025278,321.76031494140625,35381100
2021-12-16,322.7794945853097,323.78906948093504,310.5782712717892,312.3858642578125,35034800
2021-12-17,308.5207023277349,312.405102273891,305.03051397428044,311.3282165527344,47750300
2021-12-20,307.722635580741,310.3667139438823,305.3381764176737,307.5880432128906,28326500
2021-12-21,310.8379051743816,315.10689283678283,307.4823089268054,314.683837890625,24740600
2021-12-22,315.65485969090975,320.7603321144237,313.203089758129,320.36614990234375,24831500
2021-12-23,319.93351795028815,323.43333069819255,319.91429885047023,321.7987976074219,19617800
2021-12-27,322.5391310058425,329.2887615338592,322.5102876848739,329.2599182128906,19947000
2021-12-28,329.9329216504245,330.567504020854,327.21193737349995,328.1061096191406,15661500
2021-12-29,328.15421774318594,331.0386674602681,326.596619590704,328.7792053222656,15042000
2021-12-30,328.7407570125639,329.9137678064995,325.7697771511847,326.2505187988281,15994500
2021-12-31,325.4716783285754,326.28891555203285,322.91412956697064,323.36602783203125,18000800
2022-01-03,322.4333715730328,324.9812959837682,317.0779035290574,321.8564758300781,28865100
2022-01-04,321.9333330536582,322.28910640339575,313.5588245196175,316.3375244140625,32674300
2022-01-05,313.30884042531306,313.51077298431005,303.80941290749814,304.1940002441406,40054300
2022-01-06,301.0884509560254,306.4247001927171,299.49238536143025,301.79034423828125,39646100
2022-01-07,302.0498713577004,304.30936222208857,298.1462528184306,301.9441223144531,32720000
2022-01-10,297.56942521329626,302.5979928961551,292.9543176051216,302.1653137207031,44289500
2022-01-11,301.309612939468,304.4151849277161,297.9540459272227,302.8479919433594,29386800
2022-01-12,307.35733034753923,310.9532679259109,304.86706317706137,306.01123046875,34372200
2022-01-13,308.1264806975711,308.5206922774309,292.2908533568236,293.0600280761719,45366000
2022-01-14,292.53117903704157,298.8481288770932,292.0504375760111,298.25201416015625,39846400
2022-01-18,292.3581778205605,297.8674572905509,290.1179057310112,290.99285888671875,42333200
2022-01-19,294.49264788128625,301.8191439350218,291.04092729643247,291.6466369628906,45933900
2022-01-20,297.1655554938759,299.64616870365205,289.5410024064944,289.9832763671875,35380700
2022-01-21,291.03128783502143,292.39657724568343,284.2239718518976,284.6278076171875,57984400
2022-01-24,280.9453743252705,285.6662305381032,265.4173987440913,284.9547424316406,85731500
2022-01-25,280.2915581603582,283.6279058744891,274.1861636133682,277.3782653808594,72848600
2022-01-26,296.12711173242496,296.6174774054617,281.7433356306015,285.2815856933594,90428900
2022-01-27,291.00252753568583,295.4637946124978,286.45470114422875,288.2911376953125,53481300
2022-01-28,288.666071926605,296.5983072336974,283.1087009699881,296.38677978515625,49743700
2022-01-31,297.05023502997614,300.34811523788875,294.5695920371354,299.0020446777344,46444500
2022-02-01,298.4539337157057,298.6654611438378,293.37730478266843,296.86749267578125,40950400
2022-02-02,297.703977220742,302.9825093458668,296.9828649919706,301.3864440917969,36636000
2022-02-03,297.5694324128608,299.2424331685659,288.4064984985747,289.6468200683594,43730000
2022-02-04,288.64681946632084,296.9059553802916,288.4160729228112,294.1561279296875,35096500
2022-02-07,294.37728012769503,295.9829403994106,288.3487625883948,289.35833740234375,28533300
2022-02-08,289.6467780186861,293.7907677485287,288.3968617508122,292.82928466796875,32421200
2022-02-09,297.9347607103794,299.9154135304483,295.5503014236904,299.22314453125,31284700
2022-02-10,292.3292805293152,297.2136009412112,289.1179310391646,290.73321533203125,45386200
2022-02-11,291.5120766241171,292.5697139503908,282.8875716532668,283.6759948730469,39175600
2022-02-14,282.45487744042305,285.3297318388345,280.128104788829,283.63751220703125,36359500
2022-02-15,288.4545460706531,289.2140965718555,285.57969173022536,288.8968200683594,27058300
2022-02-16,287.47087375855756,289.8795515618136,282.95219184742473,288.5596008300781,29982100
2022-02-17,285.5342722610437,285.9582018841707,279.4066103677046,280.1099548339844,32461600
2022-02-18,282.34522991631013,283.12563925409984,275.85144328731116,277.4122619628906,34264000
2022-02-22,274.5892573925205,280.89036647915503,274.10752185323537,277.20989990234375,41736100
2022-02-23,279.58004589911764,281.04454083688285,269.8682698302373,270.03204345703125,37811200
2022-02-24,262.5555199373533,284.37813456051526,261.60166355056816,283.8289489746094,56989700
2022-02-25,284.3588691791243,286.75790276376836,280.9963351099328,286.4495849609375,32546700
2022-02-28,283.5591880367457,288.212770094987,282.29704319923974,287.87554931640625,34627500
2022-03-01,285.57288855148806,289.0124881625568,281.4781355105427,284.1758728027344,31217800
2022-03-02,284.57084383733564,290.4576682481348,282.9715074955346,289.22442626953125,31873000
2022-03-03,291.82580808856017,292.05703176941057,283.30869674167064,285.11041259765625,27314500
2022-03-04,283.53995896520416,284.85990985728677,276.6800484526404,279.2717590332031,32356500
2022-03-07,277.9903600081898,279.1079901922431,268.35564745891236,268.7217712402344,43157200
2022-03-08,267.65221873249476,273.58720332577195,260.1371570672282,265.7734680175781,48159500
2022-03-09,273.0862941142346,279.0212805569592,270.52345705468474,277.9614562988281,35204500
2022-03-10,272.681647483681,276.130891339143,270.3307750668401,275.15777587890625,30628000
2022-03-11,277.44118984064033,278.9345880109205,269.2227807529442,269.83941650390625,27209300
2022-03-14,270.0994808190958,274.97464216380376,265.7446020938021,266.3419494628906,30660700
2022-03-15,270.1091737905865,277.3063052834026,268.54835505285934,276.6607666015625,34245100
2022-03-16,278.54913550581284,283.80970925762125,272.8550467725236,283.63629150390625,37826300
2022-03-17,282.5764817272433,284.81171260660994,278.7996616158856,284.43597412109375,30816600
2022-03-18,284.580435823197,290.0047824722256,282.0368875720342,289.4555969238281,43390600
2022-03-21,287.9718985278678,289.17623743354596,284.12762874703543,288.2320251464844,28351200
2022-03-22,288.8487272384041,293.85879050986216,287.8563528268932,292.953125,27599700
2022-03-23,289.53277788187336,292.15342106739143,286.8446846467914,288.5500183105469,25715400
2022-03-24,288.21270852641925,293.08786908697914,287.4226553060156,292.99151611328125,24484500
2022-03-25,294.0803426717011,294.3404693263562,288.3573210468133,292.5869445800781,22566500
2022-03-28,293.2132183201872,299.446879031132,293.2132183201872,299.3505554199219,29578200
2022-03-29,302.443281807603,304.2835155341289,297.7607959614938,303.88848876953125,30393400
2022-03-30,302.2987264531988,304.40873068688376,300.1983369373926,302.3950500488281,28163600
2022-03-31,302.43352863327596,303.62825261825105,296.64308815432844,297.0477294921875,33422100
2022-04-01,298.0690573372068,298.8013048013512,294.37897586444814,298.11724853515625,27110500
2022-04-04,298.76270406982104,303.5993176653501,298.3965804034997,303.4644470214844,24289600
2022-04-05,301.82654511251576,303.3681045702332,298.5507496416169,299.52386474609375,23156700
2022-04-06,294.04175386251336,295.7856342398464,285.8715081688589,288.5596008300781,40110400
2022-04-07,285.8233566950077,292.5580106672026,285.5246829888432,290.3612976074219,31411200
2022-04-08,289.4652859924413,290.1204393434208,285.4572423231668,286.1220397949219,24361900
2022-04-11,281.13127920546333,281.9213032700954,274.58930130303617,274.8398132324219,34569300
2022-04-12,278.6743994842394,280.1196062790801,270.2440265143357,271.7566833496094,30966700
2022-04-13,272.40225746800036,278.03854117973947,271.0244711313333,277.1136169433594,21907200
2022-04-14,277.56643644763085,277.7784013045191,269.1168039398963,269.608154296875,28221600
2022-04-18,268.7218049347441,272.14211655748016,268.1726191938997,270.2729797363281,20778000
2022-04-19,269.1745633932946,275.7165404624221,268.2399952405621,274.8782958984375,22297700
2022-04-20,278.8286195154006,279.1176785794068,274.94583091837654,275.899658203125,22906700
2022-04-21,278.0384980731543,282.5860831842899,269.82973426697856,270.5523376464844,29454600
2022-04-22,271.3905058085866,272.8550005549341,263.393708222996,264.01995849609375,29405800
2022-04-25,263.307112647107,270.84143680658474,260.87914585051374,270.4656982421875,35678900
2022-04-26,267.3632197682349,268.1917907684052,260.13718680152584,260.3491516113281,46518400
2022-04-27,271.7952455176826,280.34123080111425,268.9626376903315,272.87432861328125,63477700
2022-04-28,274.77235637930573,280.35086291082894,271.1785981856094,279.0501708984375,33646600
2022-04-29,278.0673672865681,279.2909943451643,266.3997469147851,267.3824768066406,37073900
2022-05-02,267.56556930704056,274.5314764230111,266.1300066784379,274.0786437988281,35151100
2022-05-03,273.5872373213016,273.7510403407447,269.91641488989063,271.48687744140625,25978600
2022-05-04,272.2672940906547,280.2544777268917,266.6213675689915,279.3873596191406,33599300
2022-05-05,275.10958168100854,275.88999102064156,264.318692205309,267.21875,43260400
2022-05-06,264.77149224146683,269.0493063035853,261.3607962940362,264.6944274902344,37780300
2022-05-09,260.195055446973,262.4110276632544,253.70126833077944,254.91522216796875,47726000
2022-05-10,261.76549132988686,263.7502396394238,255.3873167232384,259.6554870605469,39336400
2022-05-11,255.97499051527322,261.447499215182,249.82804029550908,251.03237915039062,48975900
2022-05-12,248.27688839647124,250.3868926130945,240.88706627938942,246.02236938476562,51033800
2022-05-13,247.94932803549173,253.43148171105642,246.0223855668309,251.58160400390625,34925100
2022-05-16,250.46395431193443,256.1099105942852,246.43665192316664,251.9477081298828,32550900
2022-05-17,256.3892786113193,258.52818561527994,252.87261500014733,257.0733642578125,28828800
2022-05-18,253.98312086554714,254.56255593288276,244.10385759056012,245.3689422607422,31356000
2022-05-19,245.19508938818183,248.83585464293373,243.24435524609143,244.46115112304688,32692300
2022-05-20,248.4205560699694,249.67600344933274,237.9908442252686,243.90101623535156,39199300
2022-05-23,246.73055952174275,252.53450204595984,244.74117401105033,251.71363830566406,33175400
2022-05-24,249.0483104249833,252.3703436440929,244.80880649372511,250.71897888183594,29043900
2022-05-25,249.28973864171456,255.508917485171,248.31435684807386,253.51954650878906,28547900
2022-05-26,253.2781702660378,257.9522293193264,252.4669728572484,256.7837219238281,25002100
2022-05-27,259.2752549960121,263.96861721941957,258.3867839504424,263.8720397949219,26910800
2022-05-31,263.18629508356196,265.34948714846905,259.709715356903,262.5489196777344,37827700
2022-06-01,265.7648261496329,268.16944748829445,260.78173234380733,263.08013916015625,25292200
2022-06-02,255.38337667898296,265.23365327445924,252.63108267756797,265.1660461425781,44008200
2022-06-03,261.04242522746756,264.0747845426284,259.2075725800062,260.7623596191406,28059000
2022-06-06,262.73252632143885,264.77983823030496,258.05846737616287,259.5360107421875,22400300
2022-06-07,257.49830250093424,263.76578441208926,256.8222901054273,263.1573791503906,22860700
2022-06-08,262.3945173250315,263.64029841566133,260.3665091352675,261.13909912109375,17372300
2022-06-09,258.5991481922359,263.3601158237346,255.55715199328534,255.711669921875,26439700
2022-06-10,251.6460439882833,251.6460439882833,243.87204872141055,244.3162841796875,31422800
2022-06-13,236.70642597708846,240.48237551040242,233.24916419131782,233.95413208007812,46135800
2022-06-14,235.49930650770008,237.3148557778769,233.2298699199791,236.1077117919922,28651500
2022-06-15,239.79674911112798,246.54710394987805,237.97154789524555,243.1284637451172,33111700
2022-06-16,237.5465949685709,238.93722706322862,234.68808653901266,236.57122802734375,33169200
2022-06-17,236.31050590715876,241.91165700040483,235.6634784930398,239.15936279296875,43084800
2022-06-21,241.67988876042264,246.01595545881753,240.95560233610817,245.04058837890625,29928300
2022-06-22,243.25395460942505,248.35294344689322,241.78606366021992,244.45144653320312,25939900
2022-06-23,246.80783416507126,250.4775400388381,244.9343443692557,249.98501586914062,25861400
2022-06-24,252.83383624957415,258.79231063631465,252.7469254380334,258.52191162109375,33923200
2022-06-27,259.0144557779908,259.1013666061605,254.2534870945373,255.8083038330078,24615100
2022-06-28,254.92949381458487,257.7590321077553,247.53211228973697,247.68663024902344,27295500
2022-06-29,248.7585787991081,252.98841615797966,246.9913181866432,251.33705139160156,20069800
2022-06-30,248.23711675711792,250.63210141382953,244.22940398394073,248.024658203125,31730900
2022-07-01,247.599724121051,250.86381660731956,245.88073757874744,250.68032836914062,22837700
2022-07-05,247.3775897790424,253.96377399992517,246.00627607080364,253.83822631835938,22941000
2022-07-06,254.70735692498906,258.8019795069243,253.40363564931488,257.0830078125,23824400
2022-07-07,256.0304226841945,259.8353431316474,255.9338452648158,259.1979675292969,20859900
2022-07-08,255.71173945693104,258.9082544536916,254.26316663768768,258.48333740234375,19658800
2022-07-11,256.5422452532518,257.3920793720454,253.1912122224075,255.44134521484375,19455200
2022-07-12,256.76436593684815,256.82230649201273,243.39885616958918,244.9729766845703,35868500
2022-07-13,241.61228376039588,244.8570873615849,239.603594413408,244.0555419921875,29497400
2022-07-14,241.97928690307253,246.39259810880876,237.5080204020861,245.3689422607422,25102800
2022-07-15,246.952711238918,251.44328137226535,246.0352846750309,247.91842651367188,29774100
2022-07-18,250.84456123644622,251.89718742750497,244.61570019907097,245.5331268310547,20975000
2022-07-19,248.74893867803232,250.81558360506327,244.98265483156152,250.63209533691406,25012600
2022-07-20,250.98935133409913,255.78895661231545,250.0333028054799,253.27809143066406,22788300
2022-07-21,250.88312986354254,255.8082826850065,248.21774680153686,255.75997924804688,22404700
2022-07-22,256.14630415666,256.23321499283503,250.18785755232344,251.43360900878906,21881300
2022-07-25,252.05165427259675,252.5345118478316,248.00530543442562,249.95603942871094,21056000
2022-07-26,250.9507414709721,250.97007463688564,241.01355313399756,243.26365661621094,39348000
2022-07-27,252.20613823088766,260.7913294360416,249.97533889176114,259.5262451171875,45994000
2022-07-28,260.5016528744498,268.3142846363358,258.68610373864,266.9333190917969,33459300
2022-07-29,268.1790850711419,272.33164805798015,267.14576287951564,271.1148376464844,32152800
2022-08-01,268.29499686655436,271.63636311853617,266.38287021128184,268.4784851074219,21539600
2022-08-02,266.537425174636,268.3626412541174,263.0415404728972,265.39788818359375,22754200
2022-08-03,267.2713876591738,273.7802996377368,267.12650678074345,272.7856140136719,23518900
2022-08-04,272.13847021665924,274.0699001812098,270.5643795514278,273.925048828125,18098700
2022-08-05,269.5794114121241,273.9251301220604,269.1255240569013,273.21051025390625,16774600
2022-08-08,274.31141927705306,276.11733164460054,269.74360476800535,270.7093200683594,18739200
2022-08-09,270.05262233660574,273.3746556298809,268.09219211802474,272.62139892578125,23405200
2022-08-10,278.2901063596378,279.87386364505505,277.1022662921124,279.24615478515625,24687800
2022-08-11,280.87827114074025,281.2259144656879,276.687070719345,277.1795654296875,20065900
2022-08-12,278.58952057102715,281.90191650390625,277.10231096943915,281.90191650390625,22619700
2022-08-15,281.02309922866345,284.0940662295999,280.16359862776034,283.4084167480469,18085700
2022-08-16,281.97918336040345,283.9589172842201,280.46303283251734,282.67449951171875,18102900
2022-08-17,280.4002359720042,283.8938831580585,280.1389500408416,281.9293212890625,18253400
2022-08-18,280.8357203997343,282.50027733774294,279.76148592010856,280.8163757324219,17186200
2022-08-19,279.58728744368415,279.9260110820991,276.35495606289055,276.9259338378906,20570000
2022-08-22,272.9871317684134,273.3548871851572,268.28380815555704,268.7967224121094,25061100
2022-08-23,267.5289306640625,269.87090517738073,266.5224469010499,267.5289306640625,17527400
2022-08-24,266.5321164638544,268.2934555497755,266.24176929336426,266.8998718261719,18137000
2022-08-25,268.3902454376077,270.02577059536407,265.67082824168347,269.86126708984375,16583400
2022-08-26,270.0838482135881,271.3032415870308,259.34168014145877,259.4481201171875,27549300
2022-08-29,257.2803379595906,258.7803619357156,255.34480790841272,256.6803283691406,20338500
2022-08-30,258.0739373346952,258.4416632715631,252.25765951741022,254.49319458007812,22767100
2022-08-31,256.8351555238569,258.4996828935802,252.9060026363371,253.04150390625,24791800
2022-09-01,250.5253174553684,252.4802216307378,247.1768588698768,252.00599670410156,23263400
2022-09-02,253.26414827190314,256.20613302523753,246.26719569629415,247.80593872070312,22855400
2022-09-06,247.9414362596074,249.51886860124202,243.81874738590238,245.08651733398438,21328200
2022-09-07,246.48969414466157,250.48655276831138,245.05740636065093,249.77041625976562,24126700
2022-09-08,249.20917715444372,252.03503444444726,246.57684037919475,250.1865997314453,20319900
2022-09-09,252.10279358860814,256.6803328721326,251.8995711991458,255.9351348876953,22084700
2022-09-12,257.2125536578714,258.82873403398463,256.6125441459456,258.05450439453125,18747700
2022-09-13,250.49629269213037,252.00600375133774,243.47999634028216,243.8671112060547,33353300
2022-09-14,245.3574762961727,246.03490888980133,241.80578027171973,244.08970642089844,23913000
2022-09-15,241.71868768706014,243.2961347228246,236.1540384880937,237.47019958496094,31530900
2022-09-16,236.38629220933913,237.3927761581187,234.2572119949683,236.850830078125,39791800
2022-09-19,234.6540330660572,237.23796442031872,233.08625814181264,236.63795471191406,26826900
2022-09-20,234.26685715668725,235.66042621279018,231.91518076360506,234.6345977783203,26660300
2022-09-21,236.3960000451662,239.6767233507366,231.19909108836305,231.2474822998047,28625600
2022-09-22,230.20225587391255,235.99917354124665,229.91193818738796,233.21200561523438,31061200
2022-09-23,231.81844612716222,233.35720386281167,227.61834912688556,230.25067138671875,34176000
2022-09-26,229.4086306082731,233.66678948396336,229.2634570396296,229.7957305908203,27694200
2022-09-27,232.2442506798707,234.0055901447024,226.94090238363955,228.78933715820312,27018700
2022-09-28,229.1764146595356,234.5184812999227,227.16346179841986,233.29910278320312,29029700
2022-09-29,231.18938529349765,232.21521385312766,226.853802133828,229.8441925048828,27484200
2022-09-30,230.608739886535,232.78621136819163,225.2279682767935,225.39248657226562,35694800
2022-10-03,227.82154744014306,233.8216870981845,227.09572373714803,232.979736328125,28880400
2022-10-04,237.18949312313714,242.28961822338192,237.08303839466038,240.85733032226562,34888400
2022-10-05,238.06052054576585,242.5025584054372,236.23144526431753,241.1670379638672,20347100
2022-10-06,239.93799895986987,242.27031644163847,238.14764234917035,238.83474731445312,20239900
2022-10-07,233.13458913635256,233.54106344265196,225.65376961113512,226.6892852783203,37769600
2022-10-10,225.53761706316808,226.99893677306147,219.42133569410282,221.860107421875,29743600
2022-10-11,220.28268877269275,221.67627288848584,216.88583856563983,218.14393615722656,30474000
2022-10-12,218.13425298449135,220.51496168634117,216.74068361052014,218.4729766845703,21903900
2022-10-13,212.76314712814823,228.48932881951694,212.0663551272384,226.6892852783203,42551800
2022-10-14,227.9473631652827,229.5925754900993,220.97945807089755,221.19236755371094,30198600
2022-10-17,228.21832972494965,231.25711097245295,227.56024190285072,229.87319946289062,28142300
2022-10-18,235.39916206358598,236.06690750411659,227.7828415320167,230.81195068359375,26329600
2022-10-19,229.39901697875123,231.88618020226818,226.7376631373762,228.85707092285156,19985700
2022-10-20,228.16996380022994,233.53137553473397,227.29896641864062,228.53770446777344,21811000
2022-10-21,227.17315124335872,235.16688446931025,226.94088233766772,234.31524658203125,26299700
2022-10-24,235.90238686212638,239.85086976349376,233.52169327420833,239.27989196777344,24911200
2022-10-25,239.28959165367502,242.94774252500142,237.9056946583769,242.5800018310547,34775500
2022-10-26,223.71826021026072,230.61843021635175,222.64404034026404,223.86343383789062,82543200
2022-10-27,223.5923939728555,226.15697979477318,218.50195596106514,219.44068908691406,40424600
2022-10-28,218.94715681380413,228.97320270821285,218.76327910286216,228.2667236328125,40647700
2022-10-31,226.22475535763192,227.3473663725247,223.69888795758465,224.64730834960938,28357300
2022-11-01,227.03772518958763,228.14097694325167,220.00206794663848,220.8149871826172,30592300
2022-11-02,222.0633621151271,223.84404616078317,212.94700287287873,213.0050811767578,38407000
2022-11-03,212.9954026993864,213.3050945982589,207.08235775345725,207.34365844726562,36633900
2022-11-04,210.5372801806807,214.447044310669,206.5500783111964,214.2534942626953,36789100
2022-11-07,214.83414923285227,221.04719851693054,214.14702961237924,220.52459716796875,33498000
2022-11-08,221.3278675751174,224.18277156558537,218.56005889650208,221.4923858642578,28192500
2022-11-09,220.04072724111327,221.26012061364744,217.098728086194,217.27291870117188,27852900
2022-11-10,227.84090847628838,235.4862608906142,227.42477661146236,235.1475372314453,46268000
2022-11-11,235.15722211445575,239.99604710310476,234.1313788126477,239.1444091796875,34620200
2022-11-14,234.1894756115481,236.0475827819004,231.49908988674315,233.76365661621094,31123300
2022-11-15,237.74112931313303,239.0379307374453,232.29260819074756,234.17007446289062,31390100
2022-11-16,235.62584176038104,236.60604855552322,233.3257795259496,234.5971221923828,24093300
2022-11-17,230.76365473112853,236.07224872369898,230.61808681154827,234.54856872558594,23123500
2022-11-18,236.3245938837583,236.5478177930803,231.9767921721455,234.1021728515625,27613500
2022-11-21,234.30598419845745,237.45038505549468,234.07307548881437,234.90769958496094,26394700
2022-11-22,236.40221710449453,238.0714650543678,233.6072093349116,237.7997283935547,19665700
2022-11-23,237.87740335454106,240.9538626225825,237.06219325627018,240.27452087402344,19508500
2022-11-25,240.01243748252853,241.36142112614246,239.44955019697596,240.1871337890625,9200800
2022-11-28,238.81875468278062,239.37192761122702,233.69455635778226,234.626220703125,24778200
2022-11-29,234.27683765009397,235.62582136830417,231.1809796211648,233.23841857910156,17956300
2022-11-30,233.47135371926146,247.7958155951577,232.78229762918565,247.61141967773438,47594200
2022-12-01,246.37890225412923,248.56251016658027,243.51595261951238,247.17471313476562,26041500
2022-12-02,242.44842226131698,248.5042854543991,242.32225350861475,247.49497985839844,21528500
2022-12-05,244.57377324279298,246.33037684588194,240.7403313992676,242.8171844482422,23435300
2022-12-06,243.41890331596056,244.42820886485632,236.58662873937655,237.8870849609375,22463700
2022-12-07,237.60565848816955,238.89641517033584,235.06297311301404,237.1592254638672,20481500
2022-12-08,237.61534962771674,241.40027877672188,235.88787438426903,240.0998077392578,22611800
2022-12-09,237.4794974313884,240.98297573692605,236.95543802882835,238.17825317382812,20609700
2022-12-12,240.14830210772652,245.08810406106682,239.87656546489097,245.05899047851562,30665100
2022-12-13,253.96815091092603,256.13235956018696,245.60251141247596,249.3389129638672,42196900
2022-12-14,249.54272515265737,254.84160556776638,246.8059293712521,249.63006591796875,35410900
2022-12-15,246.2333645641647,246.69919682965315,240.0416175175289,241.66233825683594,35560400
2022-12-16,241.21588885198315,242.4678175315528,236.32459886583192,237.46978759765625,86102000
2022-12-19,237.63477938812645,237.97445766545272,231.66625680711488,233.3549041748047,29696400
2022-12-20,232.3358335702815,235.74227076964473,231.38475533277932,234.66502380371094,25150800
2022-12-21,234.5582680100152,238.37229534259706,233.02488851892647,237.2174072265625,23690600
2022-12-22,234.14099458820857,234.84946471293264,226.96905623748663,231.16159057617188,28651700
2022-12-23,229.1429078931349,231.82146096344368,227.03694165168164,231.6855926513672,21207000
2022-12-27,231.65654287895535,231.87975199416192,228.87123430992634,229.9678955078125,16688600
2022-12-28,229.8999205275325,232.6464155156222,227.26018028486453,227.60955810546875,17457100
2022-12-29,228.69650658121392,234.7814975020751,228.69650658121392,233.89834594726562,19770700
2022-12-30,231.1809912077217,232.87935283490333,229.6767250905103,232.7434844970703,21938500
2023-01-03,235.90729779007853,238.49851075863083,230.39489317769917,232.5105743408203,25740000
2023-01-04,225.42597193507248,225.99855889308043,219.29246770974694,222.33981323242188,50623400
2023-01-05,220.4958596008794,220.83553784778456,215.21637883212745,215.75015258789062,39585600
2023-01-06,216.4198034707522,219.09835714227594,212.87751216247153,218.2928466796875,43613600
2023-01-09,219.76798480761224,224.41665135349578,219.7291716302323,220.418212890625,27369800
2023-01-10,221.0393352972296,224.48458614807703,220.62203068917864,222.09718322753906,27033900
2023-01-11,224.4651718383663,228.98766979827053,224.2904903213458,228.81298828125,28669300
2023-01-12,228.3180220940589,232.821105949786,226.6681880812586,231.4721221923828,27269500
2023-01-13,230.00668936190732,232.30675151679418,227.98806347571494,232.17088317871094,21333300
2023-01-17,230.9480815858975,233.80133166035085,230.0940435204723,233.2578582763672,29831300
2023-01-18,234.4418522484385,235.22794870990262,228.57037036509706,228.851806640625,30028700
2023-01-19,226.88168988104673,228.57035182284125,223.87315781209423,225.08627319335938,28623000
2023-01-20,227.92982862321074,233.63632824749806,227.59015038517927,233.1316680908203,35389800
2023-01-23,233.98573343923675,237.9356299735096,232.578507553011,235.42205810546875,31934000
2023-01-24,235.34436690365789,236.7515776821993,233.3451552696359,234.89793395996094,40234400
2023-01-25,227.56102470477651,236.12077368624207,224.08666058005855,233.51014709472656,66526600
2023-01-26,236.46045082013288,240.9829486422917,234.85914439539755,240.68209838867188,33454500
2023-01-27,241.642866899376,242.45807682264515,239.5466001179385,240.8373565673828,26498900
2023-01-30,237.2950768809861,238.35292478678218,235.05324194345323,235.54820251464844,25867400
2023-01-31,236.26637885801222,240.63359478813643,235.78113264355397,240.4977264404297,26541100
2023-02-01,240.68209268360533,247.65022035562143,238.22674832599188,245.29193115234375,31259900
2023-02-02,251.18276287071095,256.8795465421747,249.65908322360193,256.7922058105469,39940400
2023-02-03,251.88158807324123,256.40408589321055,249.51358441442338,250.72669982910156,29077300
2023-02-06,249.84355651391297,250.67816573061054,247.26204327207444,249.1933135986328,22518000
2023-02-07,252.84238703481986,260.8392350360664,252.40565360237943,259.6649475097656,50841400
2023-02-08,265.13852274513965,268.59347315321855,258.35476105655573,258.85943603515625,54686000
2023-02-09,265.72080730740066,265.8955184484022,255.0453909060254,255.84120178222656,42375100
2023-02-10,253.81283739078765,256.29729518565995,252.96851387057905,255.33651733398438,25818500
2023-02-13,259.7426206728503,266.49724001770915,259.26705921966635,263.31402587890625,44630900
2023-02-14,264.62416219078045,266.856282749665,261.33417890703004,264.138916015625,37047900
2023-02-15,261.0547258535999,263.3994740205076,258.972656227329,262.02764892578125,28922400
2023-02-16,256.87122664035377,259.5175794889977,254.8086337728292,255.05186462402344,29603600
2023-02-17,252.36656000925092,253.047588426155,249.06833614983722,251.0725555419922,30000100
2023-02-21,247.58951047821205,248.5721724856299,244.77776281168238,245.82852172851562,28397400
2023-02-22,247.2100181685843,247.45324893497764,243.5615566726842,244.6998748779297,22491100
2023-02-23,248.6402152353794,249.88555556651798,243.69776430121092,247.87161254882812,29219100
2023-02-24,243.19186174048357,244.20369522047608,241.38222420199676,242.47189331054688,24990900
2023-02-27,245.6242163682384,245.97446934082075,242.6373347901569,243.38648986816406,21190000
2023-02-28,242.3259744546454,244.68044668021838,241.99516930320846,242.66648864746094,22491000
2023-03-01,243.97017580621457,244.13557094129538,239.13474711689472,239.6017608642578,27565300
2023-03-02,239.8742178244938,244.5928864350576,238.95966764159195,244.3107452392578,24808200
2023-03-03,245.3614953141732,248.69861464364337,244.58315381318207,248.37754821777344,30760100
2023-03-06,249.48666061100502,253.07674918507004,249.04884819003743,249.9147491455078,24109800
2023-03-07,249.3602116204825,250.7125891600785,246.52901630785823,247.2684326171875,21473200
2023-03-08,247.1614177859818,247.64787941469785,244.01887982125263,246.83062744140625,17340200
2023-03-09,248.8931916251687,252.53191447494493,244.76799238551584,245.4879608154297,26653400
2023-03-10,244.2815161845472,245.94520625250482,240.89574819649772,241.8589324951172,28333900
2023-03-13,240.7011840514009,250.92661597294014,239.0764041542882,247.04464721679688,33339700
2023-03-14,249.79803486123274,254.00107026600773,248.93213379575317,253.72865295410156,33620300
2023-03-15,252.94053423822598,259.2645337884642,252.19136451987217,258.252685546875,46028000
2023-03-16,258.0289000532813,269.0715820217102,256.1511657925528,268.7213439941406,54768800
2023-03-17,270.7255274350693,275.6582238229457,268.8380546910792,271.86383056640625,69527400
2023-03-20,269.4802407516752,269.96670228330714,262.543294560003,264.8588562011719,43466600
2023-03-21,267.4371343013886,267.5538803349331,262.2222505034053,266.3669128417969,34558700
2023-03-22,265.9971667055635,273.43031336043435,264.81019934883693,264.917236328125,34873300
2023-03-23,270.41426299778846,273.44977847868375,267.7484630649204,270.141845703125,36610900
2023-03-24,269.73317213434575,273.0313954676099,267.826251303453,272.9730224609375,28172000
2023-03-27,272.9048917232196,273.83888945620816,268.05972466794566,268.8964538574219,26840200
2023-03-28,268.32248351379377,268.6630125541161,264.68373074732534,267.77764892578125,21878600
2023-03-29,271.4066242065595,273.527619165426,270.8715283691032,272.9146728515625,25087000
2023-03-30,276.53394388967973,276.7576972006701,273.8584053599599,276.3587951660156,25053400
2023-03-31,276.0474173805305,281.4373887179891,275.3371729945568,280.49365234375,32766000
2023-04-03,278.7619923385716,280.4646082302999,276.261601851509,279.4527893066406,24883300
2023-04-04,279.4527777506129,282.5855920494944,277.93501973662194,279.40411376953125,25824300
2023-04-05,278.11011480832366,279.3749031470758,275.2594568336865,276.6409912109375,22064800
2023-04-06,275.54153732325625,284.1713602969535,274.3934952141327,283.7043762207031,29770300
2023-04-10,281.3791115118309,281.75856581319096,277.00095709388467,281.55426025390625,23103000
2023-04-11,278.0127931758795,278.2365761916983,274.0140932371224,275.1718444824219,27276600
2023-04-12,277.0788133677007,279.23870411334195,274.32542401576865,275.8139953613281,27403400
2023-04-13,275.91126538247534,282.05040792429327,275.50265429718814,281.9920349121094,24222700
2023-04-14,279.22891147364464,280.6688482565068,276.00853859815146,278.3922119140625,20987900
2023-04-17,282.0796326398558,283.70442754241606,278.4117226515916,280.980224609375,23836200
2023-04-18,283.67522525510293,283.86008303886325,279.2386978273748,280.5618591308594,20161800
2023-04-19,278.2462667608946,281.22340905975057,276.8355460862607,280.6396789550781,17150300
2023-04-20,277.5262765736857,281.20392420443534,277.3608666050033,278.36297607421875,23244400
2023-04-21,277.2928296281938,278.51869257683563,275.3956176560884,278.02252197265625,21676400
2023-04-24,274.45190651995864,277.234482358,271.173160031667,274.14056396484375,26611000
2023-04-25,271.9417767926592,273.9751827450711,267.9138604386518,267.9625244140625,45772200
2023-04-26,288.6662882525056,291.4585727273819,284.8037824567908,287.3722839355469,64599200
2023-04-27,287.95611603438334,296.93620896142227,287.2556100567553,296.5762023925781,46462600
2023-04-28,295.7783684985938,300.56513364270495,295.0973104351293,298.94036865234375,36469600
2023-05-01,298.65817141433473,300.244040638563,296.88744444671465,297.2863464355469,21294100
2023-05-02,299.42681707438953,300.8083512230657,295.6810572722288,297.14044189453125,26404400
2023-05-03,298.3176355367741,300.25374274084976,295.8561416167109,296.1577453613281,22360800
2023-05-04,297.9479549880525,299.42681707438953,295.1848569994441,297.14044189453125,22519900
2023-05-05,297.44202210464323,303.522790882385,296.0312718717056,302.238525390625,28197100
2023-05-08,301.7326922255804,301.8008039789724,297.80207398264633,300.2927551269531,21318600
2023-05-09,299.66033160181695,301.6451031506541,298.0160890953245,298.6874084472656,21340800
2023-05-10,300.2635487654328,304.52495706862396,299.33928955394174,303.8536376953125,30078000
2023-05-11,301.7035477921427,302.6959189565311,297.96752555464644,301.7132568359375,31680200
2023-05-12,302.14127044452766,302.2385686971637,298.29824184109515,300.60406494140625,19774700
2023-05-15,300.7306029224894,301.50892969880647,299.261479214083,301.0808410644531,16336500
2023-05-16,301.44069437805075,305.21564004746364,301.44069437805075,303.2989807128906,26730300
2023-05-17,304.49838322404014,306.5849748220485,302.98703781876026,306.16571044921875,24315000
2023-05-18,306.68249676156313,311.07998209113083,305.89270858681226,310.57293701171875,27276000
2023-05-19,308.83731401909836,310.7971739556616,308.47655029580653,310.39739990234375,27546700
2023-05-22,310.65094892902596,314.5413890695808,310.0756729757329,313.16656494140625,24115700
2023-05-23,312.04529609718725,314.66818336254534,307.38455760354833,307.3943176269531,30797200
2023-05-24,306.8775496399996,308.6033777226254,304.8104182916671,306.0195007324219,23384900
2023-05-25,315.175173290878,318.7438600972789,312.0160206042334,317.788330078125,43301700
2023-05-26,315.9356633458704,325.0816363269195,315.7991718307155,324.5843811035156,36630600
2023-05-30,326.86597805939425,327.36323325803346,322.27347175530826,322.9462585449219,29503100
2023-05-31,323.9993748636306,327.5583014347169,319.16310540886235,320.1966857910156,45950600
2023-06-01,317.7980281716673,325.2084138620462,316.61822604492374,324.2821044921875,26773900
2023-06-02,325.9104672337744,329.0793797798021,324.25287030723234,327.0317687988281,25873800
2023-06-05,326.8563427636472,330.1130069957082,326.3103170095395,327.5583801269531,21307100
2023-06-06,326.96353250247705,327.0025428376745,323.88240041372416,325.3547058105469,20396200
2023-06-07,323.37539146712487,326.1445304522962,314.4536881273052,315.3117370605469,40717100
2023-06-08,315.85770223750364,318.4903491637824,315.28242630303987,317.144775390625,23277700
2023-06-09,316.8814888323344,321.75673881470783,316.3159729270914,318.6365966796875,22529000
2023-06-12,320.38188031031484,323.81407497291605,317.04722634427355,323.5703125,24260300
2023-06-13,326.1249647437929,328.572349691123,322.14677395783576,325.949462890625,22951300
2023-06-14,325.9982505458626,330.58099797009817,324.50642506625707,328.92340087890625,26003800
2023-06-15,329.0598905688736,341.1114945004108,328.78687775426107,339.4149169921875,38899100
2023-06-16,342.5545998111812,342.70085137133475,333.41838536086453,333.78887939453125,46552000
2023-06-20,330.84420359010136,333.54508130008793,327.48026928452794,329.6156311035156,26375400
2023-06-21,327.9775589781728,329.30364243212927,323.78485594149885,325.2376708984375,25117800
2023-06-22,325.7836965611128,331.63399647710884,325.0231587622799,331.2342224121094,23556800
2023-06-23,326.01771828331994,329.5279043913859,325.13044892910204,326.6612548828125,23146900
2023-06-26,325.39367934124914,327.7240333118318,320.29415725203825,320.40142822265625,21520600
2023-06-27,323.58006632131827,327.76303899280276,321.0839407974331,326.22247314453125,24354100
2023-06-28,326.3102386492254,329.5474118113246,325.48144019271336,327.4705505371094,20259500
2023-06-29,326.35900777987905,327.7240719566855,324.3211566594738,326.6905212402344,16997000
2023-06-30,329.32315064368396,334.17891054970244,328.78688502474677,332.0435485839844,26832800
2023-07-03,330.7272007694062,332.3945278816647,328.17257461621756,329.55712890625,12508700
2023-07-05,326.72948429799266,333.1258095919121,326.37848059881856,329.713134765625,18172400
2023-07-06,328.88436028376566,334.43239728548525,327.1292821478824,332.75531005859375,28161200
2023-07-07,330.8539769415479,333.26235165945616,328.5918537740865,328.8063659667969,21214800
2023-07-10,326.25174994494995,326.8660362322845,319.41663962980306,323.55084228515625,32791400
2023-07-11,322.800041689948,324.55511973893175,318.84134117994995,324.17486572265625,26698200
2023-07-12,328.20182929500714,333.1258197926784,327.29503995487715,328.786865234375,29995300
2023-07-13,331.08793512161674,335.1636364816071,330.5613998542952,334.110595703125,20567200
2023-07-14,338.91765538868515,342.661844143398,335.7194923009407,336.62628173828125,28352700
2023-07-17,337.05532509830556,338.33263840062307,333.6621696566182,337.1040954589844,20363900
2023-07-18,337.2015639773949,357.6288755346599,333.63290678637566,350.520751953125,64738600
2023-07-19,352.7242990079896,353.41657610071684,343.6465868791131,346.220703125,39732900
2023-07-20,344.74842283159865,349.03863672095343,336.7530012262202,338.215576171875,33778400
2023-07-21,340.43870595783125,341.56000752112044,331.35123269865875,335.19293212890625,69405400
2023-07-24,337.2210384138867,338.2643490243122,333.76935318489967,336.4994812011719,26678100
2023-07-25,338.4495241954238,343.1102908383914,336.46044401375076,342.2229919433594,41637700
2023-07-26,332.92106736693563,336.07048951280683,324.7988843745913,329.3426208496094,58383700
2023-07-27,331.9850338749244,332.8138025679025,320.8401897883476,322.4685363769531,39635300
2023-07-28,325.3449560601863,331.52676966933615,324.8574310459994,329.92767333984375,28484900
2023-07-31,328.5138989953868,329.27443689751834,325.0426931980882,327.5388488769531,25446000
2023-08-01,326.8270321220212,330.093455775555,325.374217054016,327.9483337402344,18311900
2023-08-02,325.30588726504845,325.30588726504845,318.21725578875714,319.3288269042969,27761300
2023-08-03,317.86632056535905,321.6495195711113,317.81757996467144,318.5098571777344,18253700
2023-08-04,323.5995783751702,326.7782506968959,319.0753323772253,319.60186767578125,23741500
2023-08-07,320.17717126140934,322.8487988022052,319.3483727907042,321.8737487792969,17741500
2023-08-08,318.802368731708,320.5477167225477,314.9411787114309,317.9150695800781,22327600
2023-08-09,318.3245710835293,318.94858760325343,313.03978705069517,314.19036865234375,22373300
2023-08-10,317.88582607311884,320.06995855318496,313.16658711260004,314.8729248046875,20113700
2023-08-11,312.26953644201075,314.3658880842269,311.2457160426732,313.0008239746094,24355500
2023-08-14,313.3713539974467,315.97472100192863,312.09401103937836,315.9552307128906,18836100
2023-08-15,314.9411611661193,316.9790121676308,312.89355014228914,313.82958984375,16966300
2023-08-16,313.4582836388938,316.9954627703804,312.4811692512175,313.06744384765625,20698900
2023-08-17,313.20426358487214,314.50381263909213,308.9733414603899,309.6280212402344,21257200
2023-08-18,307.29267431715726,311.0936633520083,304.4199558180871,309.2371520996094,24755000
2023-08-21,310.65396660689254,315.3831966115051,309.78435031765304,314.5135803222656,24040000
2023-08-22,318.0507893960546,318.61750272062665,314.1032382228466,315.0803527832031,16084600
2023-08-23,316.40917150691627,321.66605140677217,316.0573948399172,319.5163879394531,21166400
2023-08-24,325.2325153533981,325.35954498918005,312.63749714645934,312.64727783203125,23281400
2023-08-25,314.11295718549064,317.91391657239774,311.5040487015702,315.5884094238281,21684100
2023-08-28,318.20709765634393,318.68587419815776,314.3572643100924,316.2919616699219,14808500
2023-08-29,314.5136087751781,321.45112744073015,314.5136087751781,320.8941650390625,19284600
2023-08-30,321.14822344769897,322.262118428765,318.97902814860515,321.2654724121094,15222100
2023-08-31,321.66608035944125,323.3369376753796,319.30145033255354,320.259033203125,26411000
2023-09-01,323.7277442108601,324.3921747944003,319.30141751711045,321.1383972167969,14942000
2023-09-05,321.4707054112595,327.1868318208563,321.13849002348155,325.91656494140625,18553900
2023-09-06,325.75036744875047,326.80563776371406,322.62358978658284,325.2618103027344,17535800
2023-09-07,323.7082248346301,325.45723807010125,321.49993683780025,322.35980224609375,18381000
2023-09-08,322.5356945258159,328.4667861972207,321.92010767166425,326.6200256347656,19530100
2023-09-11,329.52203220068384,330.6750497904705,327.75345762157895,330.2060241699219,16583300
2023-09-12,328.1345774558951,329.08237965274225,323.8939043767627,324.17724609375,17565500
2023-09-13,323.7277859536388,329.141008354495,323.59100543664357,328.36907958984375,16544400
2023-09-14,331.388322477558,333.05917964974554,328.86738060055865,330.9486389160156,20267000
2023-09-15,329.20946043547144,329.67845635390665,322.1058182894061,322.66278076171875,37679800
2023-09-18,320.29809265490445,322.8385960925468,318.89104551464607,321.5292663574219,16834200
2023-09-19,318.7054676141424,321.8517776748913,317.08345387408724,321.1286926269531,16505900
2023-09-20,321.9690487059969,322.047204755338,313.1750171061221,313.4290466308594,21436500
2023-09-21,311.9535360525413,317.9041588491349,307.79101939102566,312.21734619140625,35560400
2023-09-22,313.96642687422224,314.09345652566765,308.9147319725734,309.75506591796875,21447900
2023-09-25,309.34464808220946,310.39994834578414,307.7910397456029,310.2729187011719,17836000
2023-09-26,307.918083681108,308.650919524038,302.92501329864484,304.99652099609375,26297600
2023-09-27,305.1528159801847,307.1070447852302,302.6025617027996,305.6316223144531,19410100
2023-09-28,303.87278132742597,308.26004502387354,302.36804670236813,306.462158203125,19683600
2023-09-29,310.4780935014134,312.1587314237549,307.77149741019485,308.52386474609375,24147300
2023-10-02,309.0417636602757,314.5233913479347,307.96693177846345,314.4354248046875,20570000
2023-10-03,313.48763043750324,314.03484198855955,304.0877937628594,306.2179260253906,21033500
2023-10-04,306.84326360549875,312.7157312613082,306.81395136342184,311.6604309082031,20720100
2023-10-05,311.78742886180316,312.65707498694155,307.6933171593875,312.0512390136719,16965600
2023-10-06,309.3055602997531,321.65630098463043,309.06128169271835,319.7704772949219,25673600
2023-10-09,317.3179339483483,322.7409074969346,315.7838570263933,322.27191162109375,19891200
2023-10-10,323.38579530400693,323.5226056424412,320.17111018080624,320.8746337890625,20557100
2023-10-11,323.63001764409694,325.2031871666955,321.6074137138443,324.8123474121094,20063200
2023-10-12,323.0046828962765,325.9946502834495,321.1970154685532,323.5811767578125,19313100
2023-10-13,324.7732507534645,326.1900485749301,318.89100367469473,320.22967529296875,21072400
2023-10-16,323.47367526332005,328.4472132631376,323.03399172229655,325.0273132324219,22158000
2023-10-17,322.0471583622745,325.828586634413,319.9170559493173,324.46063232421875,18338500
2023-10-18,324.8807739787621,327.909834737972,320.7866620472197,322.55523681640625,23153600
2023-10-19,324.54851006231695,329.1702714544596,323.336897867666,323.7375183105469,25052100
2023-10-20,324.1283234715317,324.3237582391077,318.00182817517407,319.19390869140625,25027700
2023-10-23,318.02136842508753,325.1152272501223,316.9660981811189,321.78326416015625,24374700
2023-10-24,323.7179740081932,324.24562410946174,320.1026687848026,322.9656066894531,31153600
2023-10-25,337.12395842234577,338.2769759362375,329.8933187083518,332.87353515625,55053800
2023-10-26,332.7465699625012,333.81162115649903,319.4578072066944,320.3860778808594,37828500
2023-10-27,322.8679522434815,329.0140110865285,320.88441090808146,322.26214599609375,29856500
2023-10-30,325.77974409067264,331.6815239306809,324.235886505314,329.5904846191406,22828100
2023-10-31,331.0952774404079,331.2418386618225,327.03047725787985,330.3721923828125,20265300
2023-11-01,332.0136865785613,339.46907368839175,331.8768762591472,338.14996337890625,28158800
2023-11-02,339.2932712884422,340.84687995677393,336.87979698298227,340.34857177734375,24348100
2023-11-03,341.6284859220493,346.2795596471139,339.3811050850171,344.7259216308594,23637700
2023-11-06,345.36110615399525,349.3575005821622,345.2633887474612,348.37060546875,23828300
2023-11-07,351.1749695373723,354.1649377278924,349.4454874880857,352.27911376953125,25833900
2023-11-08,353.40276735497133,355.54265050853274,352.2986231921823,354.88800048828125,26767800
2023-11-09,354.0085341532929,356.44156927918397,352.1129298373234,352.4353942871094,24847300
2023-11-10,353.21708130319655,361.6300519453443,352.8067099465058,361.20989990234375,28042100
2023-11-13,359.79306407971893,360.03734267871334,357.52615152445077,358.2882995605469,19986500
2023-11-14,362.51919694143055,363.43768679672274,358.94295491704753,361.7961120605469,27683900
2023-11-15,363.5193564786247,365.3306930182784,359.4365063311856,361.9430236816406,26860100
2023-11-16,363.20606948048294,368.48342035388106,362.4423744800686,368.30718994140625,27182300
2023-11-17,365.8006186204478,366.5447423144695,359.3287982048387,362.1192321777344,40157000
2023-11-20,363.46066994605786,370.9507617987498,363.24526724468734,369.5506591796875,52465100
2023-11-21,367.8175710979016,368.35606277121207,363.3626595435668,365.27191162109375,28423100
2023-11-22,370.0988850281661,371.85147806167527,367.1322205576516,369.9520263671875,23345300
2023-11-24,369.44285575599235,370.06949251389324,367.2986596667437,369.540771484375,10176600
2023-11-27,368.9043706026068,372.68370265137486,368.33650717542696,370.69610595703125,22179200
2023-11-28,370.4416329997911,374.994431479148,370.2556020402747,374.7007141113281,20453100
2023-11-29,375.7385254123956,376.26721663239306,369.55062106548934,370.93115234375,28963400
2023-11-30,370.578664516551,372.1452267516367,367.6218003340975,370.9898986816406,30554400
2023-12-01,368.8848238631299,370.25555453657734,363.54872995472044,366.6818542480469,33040500
2023-12-04,361.3849610271203,361.79616532164505,355.31454343634607,361.42413330078125,32063300
2023-12-05,358.7903892435935,365.281782350257,357.97772136305423,364.7334899902344,23065000
2023-12-06,365.73212951183393,366.35873644463544,360.3372921206186,361.0911865234375,21182100
2023-12-07,360.5331422311326,363.68583789268007,358.66306211428184,363.1962890625,23118900
2023-12-08,361.48291520154305,366.6329492470928,360.5331891522053,366.40777587890625,20154400
2023-12-11,360.77790780370736,363.83268764840955,358.44765064841334,363.5389404296875,27708800
2023-12-12,363.0983520859286,366.59373770012405,362.7164896784692,366.5545654296875,24838300
2023-12-13,368.16027437565873,369.7464376106383,363.0200118977458,366.5447692871094,30955500
2023-12-14,365.50690312981,365.94750897813526,356.5187948133364,358.2811584472656,43277500
2023-12-15,359.1819619943408,364.6159417445296,358.6238691889497,362.9808654785156,78502300
2023-12-18,361.7276536100702,365.20343845853677,360.9737292655857,364.8607482910156,21802900
2023-12-19,363.72489468578055,365.4579162597656,362.109389902321,365.4579162597656,20603700
2023-12-20,367.1616214647713,368.1700908565403,362.78505374172363,362.8731689453125,26316700
2023-12-21,364.7726511936181,366.58398798641923,362.3053356484184,365.732177734375,17708000
2023-12-22,365.8691843460341,367.33783074743565,364.9194584779402,366.7503662109375,17107500
2023-12-26,367.1616249726416,369.0610768362086,365.69297847275107,366.8287353515625,12673100
2023-12-27,365.87900622442777,367.2203652351963,365.01739550459973,366.2510681152344,14905400
2023-12-28,367.5238451750327,368.59105792655595,366.3391454974242,367.43572998046875,14327000
2023-12-29,368.140698335078,369.2764551389083,365.67338313483896,368.17987060546875,18730800
2024-01-02,366.04544293017665,368.04281055620135,359.10364399056556,363.1179504394531,25258600
2024-01-03,361.29684544783345,365.4580105992302,360.8072966064926,362.8536071777344,23083500
2024-01-04,362.9221232500447,365.30132326469203,359.49528162444665,360.2491760253906,20901500
2024-01-05,361.25767175006894,364.28307999206555,358.8392992881915,360.06317138671875,21004600
2024-01-08,361.58077277397365,367.3574731734819,361.296855951119,366.8581237792969,23134000
2024-01-09,364.2341014424794,368.1308907001316,363.4312342532303,367.9350891113281,20830000
2024-01-10,368.50297659226095,376.1399561660862,368.45403366179033,374.7691955566406,25514200
2024-01-11,377.93166039806545,382.5138298348758,372.42913685903,376.5903015136719,27850800
2024-01-12,377.4323150873344,380.55563874578314,376.6098767088899,380.35003662109375,21661200
2024-01-16,385.43158211314164,385.7938434606626,379.51782397721394,382.1124267578125,27202300
2024-01-17,379.8702558603142,381.95570842020396,376.76650366232656,381.3291015625,22234100
2024-01-18,383.5321225973024,385.75466344784127,381.96556042243856,385.6371765136719,23392100
2024-01-19,387.4877360177002,390.3369140625,385.2749655359667,390.3369140625,29331100
2024-01-22,391.6585969965062,392.24606151114637,385.3630068278654,388.22198486328125,27016900
2024-01-23,387.47792092588605,391.03205041405533,385.6959559124731,390.56207275390625,20525900
2024-01-24,393.14680862672975,397.1513137154345,392.0795959641375,394.1454772949219,24867000
2024-01-25,395.8687348533506,398.5025096949156,394.11614184479663,396.4072265625,21021200
2024-01-26,395.9177133168471,397.680107020746,394.0182614789132,395.4869079589844,17803300
2024-01-29,397.57235261817027,401.4104281984527,395.8785030835569,401.1558532714844,24510200
2024-01-30,403.64273939955535,404.41620490062047,397.95418539261016,400.0494384765625,33477600
2024-01-31,398.4535945955144,406.6388669659615,388.9073919493629,389.2696533203125,47871100
2024-02-01,393.430744217634,399.4717890769623,393.401372487154,395.3399963378906,30657700
2024-02-02,395.3693650314836,404.02458347610695,395.1245906528018,402.6244812011719,28256700
2024-02-05,401.3321553615057,402.56582806837224,395.5456841655395,397.1709899902344,25352300
2024-02-06,397.39614463854895,399.4424550677267,394.4882235276778,397.0142822265625,18382600
2024-02-07,398.9235643671154,405.640160164174,398.88439209328425,405.3953857421875,22340500
2024-02-08,405.3953580956046,406.8738050650789,403.90714046810643,405.4541015625,21225300
2024-02-09,406.5702855474464,412.0238664464446,406.41362634312986,411.7594909667969,22032800
2024-02-12,411.7693143498308,411.9455447595813,406.0807592685953,406.5801086425781,21202900
2024-02-13,396.4758057908408,401.4985815288795,394.9582163813525,397.82696533203125,27824900
2024-02-14,400.27921574475005,402.01541247950905,396.8460370500132,401.6720886230469,20401200
2024-02-15,400.3478557485238,401.31894521125486,396.5713534874336,398.7980041503906,21825500
2024-02-16,400.17133095818804,400.49504745207923,395.73763633762957,396.3457946777344,22296500
2024-02-20,395.5414273661721,396.76756266074034,390.4112964520626,395.10003662109375,24307900
2024-02-21,392.53004284668083,394.60956341609165,389.6363517174895,394.50164794921875,18518900
2024-02-22,402.3587758261095,404.9483581581281,400.7697091781749,403.7908935546875,27009900
2024-02-23,407.7340858290021,407.92043082910567,401.1619895410124,402.5058288574219,16295900
2024-02-26,403.60445096908654,404.29109863437077,399.58272164729414,399.7593078613281,16193500
2024-02-27,400.2007433350152,400.5244598178457,396.13979878680874,399.70050048828125,14835800
2024-02-28,400.38709194736896,401.48570431449235,397.5817089338175,399.9358825683594,13183100
2024-02-29,400.83837846610305,406.29222617012584,398.1703067167653,405.742919921875,31947300
2024-03-01,403.4180998812608,407.93028353505224,403.03556125394095,407.5673522949219,17823400
2024-03-04,405.54668869062186,409.38204334564557,404.4480762959748,406.9984436035156,17596000
2024-03-05,406.056714869292,406.3411866044012,392.9910415291509,394.962646484375,26919200
2024-03-06,395.2765339863949,397.4247250969949,390.7839881082766,394.413330078125,22344100
2024-03-07,398.3664647487739,401.9565926355365,394.5605358436286,401.3288269042969,18718500
2024-03-08,400.171309298901,402.58436507476455,396.61060766849016,398.46453857421875,18002200
2024-03-11,396.05149669102667,397.9348236347475,393.5992262388283,396.7969665527344,16120800
2024-03-12,399.8378319323999,407.6360648031442,399.02369122398767,407.3515930175781,22457000
2024-03-13,410.1177430442753,410.19620253246603,403.5947092048327,407.1750183105469,17115900
2024-03-14,412.21684262615895,419.6521433696343,410.009799228429,417.1017761230469,34157300
2024-03-15,411.28501994441507,414.53182378938754,404.9091164524236,408.4698181152344,45079900
2024-03-18,406.34123515822085,412.69753127897746,405.8802070917239,409.3526306152344,20106000
2024-03-19,409.8528037978226,413.61951711173316,407.6163346060912,413.3644714355469,19837900
2024-03-20,413.94328882066856,417.82767717758037,412.6288753346162,417.11163330078125,17860100
2024-03-21,421.6237557740876,422.5948752417206,419.004747660182,421.17254638671875,21296200
2024-03-22,421.49625883993525,421.6531778067011,417.9355573407252,420.5545654296875,17648500
2024-03-25,417.12140106535213,419.2499850699005,413.5606994442316,414.7868347167969,18060500
2024-03-26,417.48430243445387,417.85705232022457,413.3056540804049,413.59991455078125,16725600
2024-03-27,416.3366986755512,416.3465173372015,411.0103740796991,413.3841552734375,16705000
2024-03-28,412.9231220201488,413.81575210575176,411.11825446083225,412.6877136230469,21871200
2024-04-01,415.856044584665,419.720825298805,414.15906261710444,416.4642028808594,16316000
2024-04-02,412.08929633397446,414.3159769269491,409.86264567594,413.3939208984375,17912000
2024-04-03,411.7166269488562,415.17923184367993,411.0888313055727,412.4228820800781,16502300
2024-04-04,416.8761593197056,420.48592418548293,409.5978373618215,409.90191650390625,19370900
2024-04-05,411.9912731648726,418.36717662742586,410.33353586981326,417.39605712890625,16554800
2024-04-08,417.052799785157,419.1225019527215,415.2184760981184,416.4838562011719,14272400
2024-04-09,418.2985199584035,419.5736887198931,413.5705349702072,418.1415710449219,12496900
2024-04-10,414.12962029851764,415.9344877287147,411.68716854848634,415.17919921875,16216600
2024-04-11,417.69033834286756,421.1725504908495,414.2963744060529,419.7600402832031,17966400
2024-04-12,415.95410040174403,417.06253143112855,411.75581460240056,413.84515380859375,19253800
2024-04-15,418.45548299345114,418.67128401490294,405.5369076275719,405.742919921875,20273500
2024-04-16,406.6550977488978,410.4119627811132,405.8311384974836,406.6648864746094,16765600
2024-04-17,409.2839508985917,410.8828360715611,402.4960529094379,403.97723388671875,15855500
2024-04-18,402.7903496970384,404.02630364117994,396.23788993068626,396.5517578125,21029900
2024-04-19,396.3163237053195,397.73865251494925,390.17582902876677,391.50006103515625,30565800
2024-04-22,392.44175811164087,395.1588931129713,388.1944385754191,393.3049621582031,20286900
2024-04-23,396.52234656320184,400.40676483693346,395.3648819975192,399.7887878417969,15734500
2024-04-24,401.74078982977966,404.595236495939,399.0138660286807,401.2503356933594,15065300
2024-04-25,386.5072408836068,392.2553782643455,380.62179192671005,391.4216003417969,40586500
2024-04-26,404.30097191316094,405.1151126000372,398.0133463554319,398.5626525878906,29694700
2024-04-29,397.5130677635141,398.56264677395114,391.56876617151903,394.5703430175781,19582100
2024-04-30,393.8248513162942,394.4820730278576,381.74008419354954,381.8970031738281,28781400
2024-05-01,385.11433904555116,394.05042796595137,382.85826224732904,387.3998718261719,23562500
2024-05-02,390.067981051651,392.2946320183516,387.1154376190438,390.2445373535156,17709400
2024-05-03,394.59976579857647,399.37678414031285,394.1877711661832,398.8961486816406,17446700
2024-05-06,400.95609583749865,406.02737510572115,398.61171057588416,405.64483642578125,16996600
2024-05-07,406.74337133005633,406.7531899905989,401.2797058272895,401.5249328613281,20018200
2024-05-08,400.3773092630151,404.3597941214035,398.9451617518151,402.7020568847656,11792300
2024-05-09,402.73146980472023,404.84041635842834,401.2895336143813,404.44805908203125,14689700
2024-05-10,405.0562460600837,407.44966453116945,403.93799631140473,406.8218688964844,13402300
2024-05-13,410.029454744504,410.3629599472109,402.9767222457907,405.82135009765625,15440200
2024-05-14,404.15378509704203,409.51935413927424,403.69275704643184,408.60711669921875,15109300
2024-05-15,410.6608977071615,416.46852499785643,410.0418061194269,415.75115966796875,22239500
2024-05-16,414.493323488297,418.0506409370668,413.06845922359344,413.6973571777344,17530100
2024-05-17,415.2205942827064,415.59401656244523,410.78870878728935,412.9309387207031,15352200
2024-05-20,412.9309055053418,419.37726753163014,412.7147152549324,417.9720458984375,16272100
2024-05-21,419.4362019217813,425.4698558470045,417.4905197677202,421.6079406738281,21453300
2024-05-22,422.6397422694005,424.91956115828395,419.7310254046841,423.0622863769531,18073700
2024-05-23,425.4698880093599,426.0889796466093,418.0506847119264,419.6033020019531,17211700
2024-05-24,419.7900037534496,423.59296088139126,417.05816150216543,422.70855712890625,11855300
2024-05-28,422.1877338257991,423.35712243524114,419.2102222377172,422.86578369140625,15718000
2024-05-29,418.3160195321069,423.4750768037088,418.3160195321069,421.7357482910156,15517100
2024-05-30,416.9500674611062,416.9500674611062,407.0643338259667,407.4869079589844,28394500
2024-05-31,409.5308671519035,409.5308671519035,397.50290358954135,407.9389343261719,47995300
2024-06-03,408.3319416725267,409.2163453409128,401.83645840787784,406.35675048828125,17484700
2024-06-04,405.2856495851976,409.226195718034,402.58328662384173,408.86260986328125,14348900
2024-06-05,410.57248754759564,416.7338647316788,409.0886349128657,416.66510009765625,16988000
2024-06-06,416.66508413024746,417.9425528471417,413.29447761268017,417.1662292480469,14861300
2024-06-07,418.81714102196315,418.8957420228007,415.67256118761725,416.5078430175781,13621700
2024-06-10,417.34315052242914,420.66457531575907,416.5471841383872,420.4582214355469,13982900
2024-06-11,418.10958577165815,425.3224341996882,417.8835591764401,425.1848449707031,14551100
2024-06-12,427.7792095971262,435.7192312163597,425.74505981738713,433.4197692871094,22366200
2024-06-13,433.21335923548196,435.709368351957,431.7589858154619,433.9306945800781,15960600
2024-06-14,430.68790003484014,435.4637283515464,429.15492551069684,434.9035949707031,13582000
2024-06-17,434.9232138540311,443.1285766509554,433.08561180023855,440.60308837890625,20790000
2024-06-18,441.919864030814,442.3424381224516,437.1833815521162,438.6082458496094,17112500
2024-06-20,438.5689526211533,438.79497924029823,433.6260860366594,437.9793701171875,19877400
2024-06-21,439.6302276576991,442.77477739903867,438.77530310305696,441.9886474609375,34187100
2024-06-24,442.0082692588683,444.9071794974399,438.677008567092,439.9151916503906,15913700
2024-06-25,440.48515617122325,443.6002568065394,439.01114003233465,443.1383972167969,16413400
2024-06-26,441.2221891732116,445.7425115856911,440.42622281234816,444.32745361328125,16507000
2024-06-27,444.3471165440364,448.2680202655606,443.94421515967235,445.0055236816406,14806300
2024-06-28,445.22168389223947,447.49166642517747,438.6770484115445,439.20770263671875,28362300
2024-07-01,440.88808384173325,449.447196335744,437.94005138791704,448.81829833984375,17662800
2024-07-02,445.3494912239479,451.62878536550966,445.26102385148636,451.32415771484375,13979800
2024-07-03,450.2530351597629,453.0339994689676,449.9484075142332,452.788330078125,9932800
2024-07-05,451.6483651745115,460.2369864186551,451.0194672052492,459.4606628417969,16000300
2024-07-08,458.46817132419625,459.598274429734,456.4143789671548,458.1635437011719,12962300
2024-07-09,458.91038601076474,459.23465638604694,450.06628863582495,451.5796203613281,17207200
2024-07-10,453.2305340754163,458.3797547644369,450.9113994976311,458.17340087890625,18196100
2024-07-11,454.96002402992053,456.72883147324404,443.7279978013262,446.8234558105469,23111200
2024-07-12,446.4597854702647,448.454619283343,442.8435400338651,445.69329833984375,16324300
2024-07-15,445.44771219074863,449.3391368001631,443.61011000854984,446.0962829589844,14429400
2024-07-16,446.3517811207802,446.43038212668165,438.92274152217504,441.7331848144531,17175700
2024-07-17,434.92321432561624,437.1440749862863,431.5722805813875,435.83709716796875,21778000
2024-07-18,436.6429302135875,436.9475578488645,426.8751131633182,432.74169921875,20794800
2024-07-19,425.5976305961669,433.49836608097274,424.51667935003445,429.53814697265625,20940400
2024-07-22,434.1370778123692,436.89839903999433,431.3069619660928,435.26715087890625,15808800
2024-07-23,436.21054835742433,440.62279084734524,435.4244183311835,437.14410400390625,13107100
2024-07-24,432.82034171919196,433.83249840274334,420.18309274942834,421.47039794921875,26805800
2024-07-25,421.37209200547386,422.3547694868196,410.2776848331151,411.1522521972656,29943800
2024-07-26,410.95572197330205,421.49002544679837,410.04180915234855,417.9032287597656,23583800
2024-07-29,424.10397494654256,424.6641083620649,417.3431784161,419.3380126953125,15125800
2024-07-30,420.3108034246303,421.6177512482942,410.13024936818454,415.5939636230469,32687600
2024-07-31,413.2158387504739,414.47366459871824,405.06943486429435,411.10308837890625,42891400
2024-08-01,413.50088916463085,420.05533154219523,405.9342601346404,409.8846130371094,30296400
2024-08-02,405.3445889736249,407.8111188309651,397.33577420400843,401.41387939453125,29437900
2024-08-05,382.42860065253456,394.09297731515574,378.9007621776494,388.30499267578125,40709200
2024-08-06,393.07100276300895,398.6427974223072,391.59698650264767,392.687744140625,24946500
2024-08-07,401.5613886423986,402.9764167958112,390.58486666117705,391.5282287597656,20650900
2024-08-08,395.46877762031824,398.8295182344643,393.01208360865684,395.7144470214844,20203000
2024-08-09,397.03117577316215,400.9815283942931,395.2918474526737,398.9866943359375,19276700
2024-08-12,400.0086698442997,401.67923346079886,397.2375123110676,399.76300048828125,16762900
2024-08-13,402.49487016333154,407.7620371122612,402.475227409518,406.83831787109375,19414300
2024-08-14,407.61460282522484,410.484034234621,405.30533476037385,409.638916015625,18267000
2024-08-15,413.27150876832536,414.5611340262228,411.16480439429694,414.4823913574219,20752100
2024-08-16,414.05913029915934,414.787612725286,410.8104315549657,411.9622497558594,22775600
2024-08-19,412.44459964164133,415.19121979816396,409.98347800679744,414.9746398925781,15234000
2024-08-20,415.14205004692775,419.2373304106215,415.08298552534507,418.1938171386719,16387600
2024-08-21,417.48500333716095,419.76893159636126,415.1617187597954,417.5440979003906,16067300
2024-08-22,417.7605748245769,420.1528076484466,408.16220140309326,409.08758544921875,19361900
2024-08-23,410.4954277824997,412.73996960606866,405.6814592418378,410.3083801269531,18493800
2024-08-26,409.89487877847426,410.7907306533513,404.94310328054127,407.0596618652344,13152800
2024-08-27,406.43952621400086,407.91619944694173,403.87012920932085,407.404296875,13492900
2024-08-28,408.42810007077503,408.54622911327857,400.975815861933,404.21466064453125,14882700
2024-08-29,408.48716903331825,415.4865852646763,404.2146650393698,406.6954650878906,17045200
2024-08-30,409.13683384861065,410.9974260333262,405.7207960910566,410.65289306640625,24308300
2024-09-03,411.4109125689516,413.35027748692255,400.7001071362785,403.0726318359375,20313600
2024-09-04,399.5974937100814,404.84459098920803,398.08143461005693,402.5409851074219,15135800
2024-09-05,401.2809263113811,406.6757153578755,399.81410753750566,402.0389709472656,14195500
2024-09-06,402.6985921439958,404.2638620080845,394.56703607993364,395.45306396484375,19609500
2024-09-09,400.9069042814964,402.2949806412775,395.8960636873458,399.4105529785156,15295100
2024-09-10,401.8519747424291,409.85551750473985,401.3597503882825,407.7586669921875,19594300
2024-09-11,409.03843011648604,417.39638986900843,403.21048066101315,416.461181640625,19266900
2024-09-12,416.7270008247058,420.7238603737511,413.22236565404535,420.359619140625,17395700
2024-09-13,419.2077526362247,425.1144444971336,418.84351144501346,423.89373779296875,15874600
2024-09-16,423.9035976857479,426.7880250402565,421.5606050753592,424.632080078125,13834700
2024-09-17,433.3838900790578,434.9786922694464,425.54765628869114,428.38287353515625,18874200
2024-09-18,428.2352249259073,429.2492059809087,423.71660857150346,424.1103820800781,18898000
2024-09-19,434.36830593406904,434.63409626466625,430.1056262859268,431.8677978515625,21706600
2024-09-20,430.42066355244185,432.4092391189892,427.4673174405253,428.5009765625,55167100
2024-09-23,427.52641684805,429.6725079875257,423.6969266994437,426.7684020996094,15128900
2024-09-24,426.26630559260894,426.61086866115505,419.4736152765213,422.4958801269531,17015800
2024-09-25,423.14559476109406,426.3844395741606,421.90520976014716,425.39013671875,13396400
2024-09-26,428.3237537072511,428.53047950890726,422.45644824495844,424.6025390625,14492000
2024-09-27,424.80924807051827,425.134132931837,420.8222432669672,421.3636779785156,14896100
2024-09-30,421.55078212730024,423.7264354508624,418.75495134014767,423.6082763671875,16807300
2024-10-01,421.78703621784,421.81656847562806,412.2969368087723,414.147705078125,19092900
2024-10-02,416.0083553062398,416.24464344442003,410.22964573183543,410.64312744140625,16582300
2024-10-03,411.1352707030125,413.02539517750694,407.8472160075386,410.0622253417969,13686400
2024-10-04,411.7357819472086,413.2223089798081,408.5166457695598,409.5896911621094,19169700
2024-10-07,409.5306419831522,410.6233655735784,402.6395013728588,403.1711120605469,20919800
2024-10-08,404.5099645290717,409.19594995144206,401.82243880752753,408.2607116699219,19229300
2024-10-09,409.39277177231503,413.8424985783194,407.8570343920262,410.9678955078125,14974300
2024-10-10,408.77263914925425,410.859665558973,406.7249690560659,409.3731384277344,13848400
2024-10-11,409.66850956364067,410.64310419410805,406.82343830885475,409.845703125,14144900
2024-10-14,411.2731366880873,417.4456494762865,411.0270245046469,412.6218566894531,16653100
2024-10-15,415.6145639475164,415.9099165968068,408.8021954562943,412.2280578613281,18900200
2024-10-16,408.71362588431356,409.88509232928357,404.0965585595149,409.6488342285156,15508900
2024-10-17,415.79177751966756,415.92961477123424,409.12707001088165,410.239501953125,14820000
2024-10-18,410.6529471112624,413.12389293089865,409.78662744422246,411.6570739746094,17145300
2024-10-21,409.64875806524304,412.4445885621628,407.3156196249642,412.26739501953125,14206100
2024-10-22,411.9819473916582,423.88392916296095,411.53896348036403,420.8616943359375,25482200
2024-10-23,424.15957703194096,424.3761569602065,415.95913210482394,417.9969482421875,19654400
2024-10-24,418.7155536346828,419.35546932603506,415.83112614516494,418.1249084472656,13581600
2024-10-25,420.1233311665373,425.7937351729216,419.9362835126177,421.49169921875,16899100
2024-10-28,424.9471252042487,425.2227696357769,419.670464602579,419.9559631347656,14882400
2024-10-29,421.3440208086144,426.43363353122214,419.17822176857095,425.23260498046875,17644100
2024-10-30,430.6372355196224,431.68074872313076,425.3802831426112,425.8035888671875,29749100
2024-10-31,408.9005934690843,409.6881704469,399.9814907408766,400.0307312011719,53971000
2024-11-01,402.64935394725995,409.0384161036912,401.162826864631,403.9881896972656,24230400
2024-11-04,403.42706781751014,404.0374512515174,399.26286901744754,402.10791015625,19672300
2024-11-05,402.0192756499378,408.4477238969609,401.7337771398714,405.06121826171875,17626000
2024-11-06,406.00632872643234,413.91145024796907,404.1358522419557,413.6456298828125,26681800
2024-11-07,414.7285393416903,420.2119257079772,413.35031719618456,418.8139953613281,19901800
2024-11-08,418.70576053564287,419.8674028807744,415.2208034572557,415.968994140625,16891400
2024-11-11,415.9492116532179,418.20360735923634,409.53061759674426,411.5093688964844,24503300
2024-11-12,411.7456911405818,417.8394313280264,410.7120319666306,416.45135498046875,19401200
2024-11-13,415.0829505962656,422.65333320998997,411.70626883397995,418.58758544921875,21502200
2024-11-14,418.39068982634956,421.51140536702854,413.4684464166278,420.2513122558594,30246900
2024-11-15,413.2912534776132,416.2248913266483,407.2073678244848,408.54620361328125,28247600
2024-11-18,408.4182293083614,411.8933320342017,405.6913172118432,409.2944030761719,24727000
2024-11-19,406.68560375296545,411.4405079817959,405.1498661250552,411.2928466796875,18133500
2024-11-20,410.3871084118776,410.8005900683197,404.19491792354364,409.028564453125,19191700
2024-11-21,413.80284233986384,414.0790385036892,404.71793020151534,407.26287841796875,20780200
2024-11-22,405.7832773797643,411.73138418459337,405.4774898240383,411.3368225097656,24814600
2024-11-25,412.69810354496985,415.36141754143,409.2160446876401,413.1025390625,27691100
2024-11-26,413.891635863064,423.21330950979313,413.161695275106,422.17755126953125,23458900
2024-11-27,419.33668746447955,421.4279216336492,416.28865548862075,417.2454833984375,18332400
2024-11-29,414.384847961252,419.10980447039015,412.1259395107062,417.7090759277344,16271900
2024-12-02,415.84474493949193,427.1195090506518,415.58826631722377,425.126953125,20207200
2024-12-03,424.0024483022702,426.59673575541547,421.9309618493427,425.343994140625,18302000
2024-12-04,427.1491277367897,433.69896602336337,426.7545660563865,431.4795227050781,26009400
2024-12-05,431.97270407918,438.6211597736825,430.2464705000807,436.6088562011719,21697800
2024-12-06,436.2931878578621,440.04159877439776,435.7703869006791,437.54595947265625,18821000
2024-12-09,436.5891705079944,442.2413336019405,434.51768404131514,439.96270751953125,19144400
2024-12-10,438.3548361326827,443.51378920495125,435.6027181772746,437.3092041015625,18469500
2024-12-11,438.0194510528632,444.23391032066826,438.0194510528632,442.8923645019531,19200200
2024-12-12,443.01071967285327,449.96499320791463,443.01071967285327,443.4546203613281,20834800
2024-12-13,442.34986354702323,445.2992475559922,439.5286887575998,441.19573974609375,20177800
2024-12-16,441.1957234184863,446.03904550783295,439.2327587604127,445.4570617675781,23598800
2024-12-17,444.88489699979203,449.1067696297947,443.46445105856475,448.28802490234375,22733500
2024-12-18,445.1907332778121,446.50265760588917,431.08492025325205,431.4499206542969,24444500
2024-12-19,435.6224481744677,437.1612597390131,430.39443838506674,431.09478759765625,22963700
2024-12-20,427.22800034083093,437.7136411325363,422.80886164173944,430.6706237792969,64263700
2024-12-23,430.80871372187636,431.70635881030796,426.9518110200716,429.3389587402344,19152500
2024-12-24,428.74709084992185,433.6298778354008,428.2933464556966,433.363525390625,7164500
2024-12-26,433.1169536147247,434.9517090842379,430.70024449975995,432.1601257324219,8194200
2024-12-27,428.6978084898888,429.3093836032803,420.5598497453618,424.6830749511719,18117700
2024-12-30,420.2737923808389,421.7435474622816,416.17028459927946,419.06048583984375,13158700
2024-12-31,420.31326102478425,420.93470998738326,414.9471377359365,415.7757263183594,13246500
2025-01-02,419.7509189849473,420.2835937285398,409.21597020748925,412.8952941894531,16896500
2025-01-03,415.3613950253171,418.27134378737713,413.8423310893823,417.6005859375,16662900
2025-01-06,422.1874160873605,428.4215926337743,419.7016505493917,422.0394592285156,20573600
2025-01-07,423.1738758487943,424.8014616583564,415.085225621156,416.6339111328125,18139100
2025-01-08,417.7090917280971,421.1714329663283,415.81518360520914,418.7941589355469,15054600
2025-01-10,418.8631994200863,418.9420997125399,409.383695034764,413.2603454589844,20201100
2025-01-13,409.6006710891581,412.816407095229,406.690752709142,411.5242004394531,17604800
2025-01-14,412.1357932076061,414.03957499111027,405.14208486737954,410.0248718261719,16935900
2025-01-15,413.43787278736687,422.3353628905166,412.58953664498,420.5203552246094,19637800
2025-01-16,422.8779150872359,423.6571645662551,418.6264508238549,418.8138427734375,15300000
2025-01-17,428.1947089431654,428.57942688248704,422.3551241092644,423.20343017578125,26197500
2025-01-21,424.35752761269225,425.0480029513297,419.819993531564,422.68060302734375,26085700
2025-01-22,431.6175525305707,441.1956738632283,430.07874109453735,440.1402282714844,27803800
2025-01-23,435.9973147591307,440.6828062638951,435.50410512705025,440.6433410644531,18389300
2025-01-24,439.1143639891968,440.5841189283991,435.40541825453283,438.029296875,15549500
2025-01-27,418.2516444520013,429.2896784954125,417.74856099112463,428.6583557128906,35647800
2025-01-28,428.69779052094407,442.29064589853647,425.52151949148305,441.1266784667969,23491700
2025-01-29,440.6235877197962,440.81100977301065,434.41900262341227,436.3227844238281,23581400
2025-01-30,413.0827588425547,417.1172097708342,407.54896156269734,409.3540954589844,54586300
2025-01-31,413.2899024984714,414.97667080056476,409.2751693701902,409.4231262207031,34161900
2025-02-03,406.01014380943144,409.7683985075356,403.1100689884043,405.3393859863281,25679100
2025-02-04,407.08537575034575,408.2986823038951,404.1754268282418,406.76971435546875,20532100
2025-02-05,406.7499181872424,408.2097991758985,404.8263889185779,407.6771545410156,16316700
2025-02-06,408.37753095462284,412.5205034548323,408.37753095462284,410.1728210449219,16309800
2025-02-07,410.8238533335017,412.96436600470287,402.5576561425311,404.18524169921875,22886800
2025-02-10,408.0915202610308,409.81775403639836,405.3394320876969,406.62176513671875,20817900
2025-02-11,404.07678288840276,406.88805357704496,403.741373863551,405.8523254394531,18140600
2025-02-12,401.67976029438313,405.17169274595005,398.8783333348811,403.48492431640625,19121700
2025-02-13,401.4725759938153,405.41825241635894,400.8412533167097,404.9645080566406,23891700
2025-02-14,402.25191655873215,403.35670130819824,400.3678521686821,402.8832092285156,22758500
2025-02-18,402.4590098668831,405.0237056562673,400.9793811541372,404.0767517089844,21423100
2025-02-19,402.34067225656025,409.8473079963777,402.11378500109834,409.1370849609375,24114200
2025-02-20,410.47141636340496,414.4447616167347,407.75332449561745,411.3016662597656,23508700
2025-02-21,412.4976421272199,413.1993956224997,403.15730762956775,403.47357177734375,27524800
2025-02-24,403.7700887978409,404.62009578289485,394.6867174896375,399.3124084472656,26443700
2025-02-25,396.4460551720573,397.2565479767241,392.0971142682963,393.2831726074219,29387400
2025-02-26,393.3919053914201,398.9170410828285,389.6755229646048,395.0919494628906,19619000
2025-02-27,396.61410618114576,401.03224256641477,387.6197164134029,387.97552490234375,21127400
2025-02-28,388.10398215130573,393.01631660620876,382.0846478468725,392.38372802734375,32845700
2025-03-03,394.1925506012372,394.1925506012372,381.6794393165997,383.9823913574219,23007700
2025-03-04,378.9514422192701,388.0249203607145,376.5792952112664,384.1009826660156,29342900
2025-03-05,384.822503579622,397.0094560898268,384.2986543499986,396.3669738769531,23433100
2025-03-06,389.70521049036057,397.4838909032578,388.12376908504734,392.2849426269531,23304600
2025-03-07,387.76795648683793,390.2191619837315,381.0666253730808,388.7464599609375,22034100
2025-03-10,381.3631423753148,381.91664235119805,372.8431639999478,375.7490539550781,32840100
2025-03-11,374.6025176419591,381.5212976511773,372.53677123025375,376.03570556640625,30380200
2025-03-12,378.5066423790862,380.75029270527517,374.55305438782165,378.8229064941406,24253600
2025-03-13,378.7142611357114,380.8492026304598,373.0705217726956,374.37518310546875,20473000
2025-03-14,375.37347920482887,385.7022417844661,375.1066228255176,384.0516052246094,19952800
2025-03-17,382.2131776873556,388.15342385678485,381.0962841175908,384.1899719238281,22474300
2025-03-18,382.57889637930924,382.8754034622388,376.6781641211092,379.070068359375,19486900
2025-03-19,381.0567525075918,385.1585946525035,379.5445060727477,383.3201904296875,19185500
2025-03-20,381.26431956643484,387.244140619299,378.8328709429988,382.3515625,18470500
2025-03-21,378.7735544022507,387.19468720298374,378.35841433019584,386.72027587890625,39675900
2025-03-24,390.81222312553433,390.81222312553433,385.28708673252123,388.5191345214844,21004500
2025-03-25,389.3493790004213,391.7610400507305,388.08423198363494,390.5749816894531,15775000
2025-03-26,390.4168880991619,390.7232888134518,384.06150143845576,385.44525146484375,16108400
2025-03-27,385.6033351411741,387.6888383797828,382.9050004114053,386.048095703125,13766800
2025-03-28,383.5771397086297,384.6149747790714,372.5565178920864,374.4048156738281,21632000
2025-03-31,368.2174858935481,372.694923815259,362.9789628551185,371.034423828125,35184700
2025-04-01,370.30297052308924,378.4078388750376,368.89946352111616,377.7554931640625,19689500
2025-04-02,373.5844258095808,380.6119141988697,372.25008378933455,377.7060546875,16092600
2025-04-03,370.4413221297822,373.10011248760316,365.06444000689004,368.7807922363281,30198000
2025-04-04,359.90502676066706,370.2436515761853,355.30898645827625,355.664794921875,49209900
2025-04-07,346.808801297969,366.6953473866903,340.78946619633433,353.7077941894531,50425000
2025-04-08,363.98715955184485,369.31460473132455,346.1861164728992,350.44610595703125,35868900
2025-04-09,349.4379409733939,388.667426732123,349.0030438091915,385.9591979980469,50199700
2025-04-10,377.6269854135807,379.44563241847453,363.5324334212975,376.92523193359375,38024400
2025-04-11,376.2234920445777,385.52428234575257,374.4937970946495,383.94287109375,23839200
2025-04-14,388.6575350248574,390.07093573374146,379.75206690221165,383.310302734375,19251200
2025-04-15,384.0021677861047,387.3429548173336,379.702634359307,381.2544250488281,17199900
2025-04-16,376.25312290658945,377.1821883945702,363.7301188576812,367.2982177734375,21967800
2025-04-17,369.4133653600013,369.97675886881603,362.6329766642394,363.51263427734375,21120200
2025-04-21,358.6102367890087,360.25097956592975,351.54320368031085,354.9531555175781,20807300
2025-04-22,359.1637542302739,363.5028019496421,355.68457702509073,362.5638427734375,19485000
2025-04-23,371.6965961898571,375.9763723537339,368.69186067990836,370.0459899902344,20545500
2025-04-24,371.3408006891215,383.9428636514652,370.8367085183124,382.8061828613281,22232300
2025-04-25,382.5097039822226,387.6098369882708,380.13755681192964,387.3034362792969,18973200
2025-04-28,387.4121350910717,388.1830836548117,382.15388522315925,386.6214294433594,16579400
2025-04-29,386.7598192081199,390.51574673335216,385.8505106594193,389.4680480957031,14974000
2025-04-30,385.7713871677669,392.0576085897077,379.97939447353656,390.6738586425781,36461100
2025-05-01,426.1078502028247,431.91962985286955,419.9699127886788,420.464111328125,58938100
2025-05-02,426.7305579775838,434.3412277785372,425.0008630376841,430.2294921875,30757400
2025-05-05,427.84749353573557,434.40057183462085,427.0963020072091,431.1092224121094,20136100
2025-05-06,427.18524232094876,432.65107712392626,426.1671945058241,428.2823486328125,15104200
2025-05-07,428.8061738000786,433.0365119798482,426.10783898687293,428.3218688964844,23295300
2025-05-08,432.84876270467214,438.52218293606853,430.6051120016966,433.08599853515625,23491300
2025-05-09,434.89471877509555,435.6261229679929,430.8225275981773,433.63946533203125,15324200
2025-05-12,440.7657862582039,444.15598092637396,434.6772567640601,444.0472717285156,22821900
2025-05-13,442.5844751269483,445.4409573721911,440.19254074927665,443.9287109375,23618800
2025-05-14,442.940306646518,448.6334536340928,442.940306646518,447.6846008300781,19902800
2025-05-15,446.3576953837484,451.7246558325709,446.0210270484144,448.6946105957031,21992300
2025-05-16,447.62512390200453,449.91251018958565,444.3376444869959,449.8233947753906,23849800
2025-05-19,446.46663650360125,455.0913715701619,446.3874026485213,454.37841796875,21336500
2025-05-20,451.13050930908776,453.8535912700005,449.87295142774695,453.6852722167969,15441800
2025-05-21,450.12052955644793,453.2991005803846,447.38753565613104,448.1401062011719,19216900
2025-05-22,450.4967994491365,455.74490907390424,449.4570590917957,450.40765380859375,18025600
2025-05-23,445.5754438212613,449.2491205375805,444.51591011589574,445.7734680175781,16883500
2025-05-27,452.0118507212909,456.43809825868186,451.6553587930952,456.1806335449219,20974300
2025-05-28,456.7054113344306,457.9926743719098,452.45739496057166,452.8831787109375,17086300
2025-05-29,457.03221043821725,457.2005597280811,450.85329893273473,454.1903076171875,13974800
2025-05-30,455.22010105843367,457.16090743162863,451.081023612945,455.85382080078125,34770500
2025-06-02,452.66535029783114,457.58667299374565,452.41779739511384,457.44805908203125,16626500
2025-06-03,456.9529759669727,459.5968543955761,456.3489311405408,458.43829345703125,15743800
2025-06-04,459.4582001214203,461.1316602074749,458.48778183720145,459.3294677734375,14162700
2025-06-05,460.4088263203011,465.0529216385449,459.4879366863286,463.1022033691406,20131700
2025-06-06,465.4885869985769,468.7067748339504,464.19141216551986,465.7757568359375,15285600
2025-06-09,465.10242514198006,468.7958952647425,464.0329796350046,468.12255859375,16469900
2025-06-10,466.57783210788693,468.172058367284,462.38922592870773,466.31048583984375,15375900
2025-06-11,465.4192790589967,470.81594475736864,465.0628173622344,467.99383544921875,16399200
2025-06-12,470.3702965389571,475.7174632765806,468.88497916047487,474.1826171875,18950600
2025-06-13,471.74673205457395,474.48960742449077,468.13246560456287,470.3109130859375,16814500
2025-06-16,470.5584575569121,475.98482813726486,470.3505215770748,474.45001220703125,15626100
2025-06-17,470.7466055851971,474.0539088222925,469.4395189734987,473.36077880859375,15414100
2025-06-18,473.3211811212961,476.291816149254,469.8158233270243,475.53924560546875,17526500
2025-06-20,477.5097284735666,478.727669344686,472.2021788313277,472.72698974609375,37576200
2025-06-23,473.52910172023695,482.97572926336846,467.8849134818946,481.24285888671875,24864000
2025-06-24,484.1640031375646,487.0356109071577,482.0350238939456,485.3126220703125,22305600
2025-06-25,487.2237477118272,489.71907018583636,484.59969288856837,487.45147705078125,17495100
2025-06-26,488.15453290095326,493.1650012559548,487.9861836300842,492.5807800292969,21578900
2025-06-27,492.6797669341534,494.41263722515527,488.20402140418383,491.0855407714844,34539200
2025-06-30,492.17479474651304,495.8583832017286,490.4815111095117,492.5411682128906,28369000
2025-07-01,491.61036068604886,493.1748817381986,486.1741086010328,487.2336120605469,19945400
2025-07-02,485.1938116448169,488.66946431331223,483.9164603345879,486.2830505371094,16319600
2025-07-03,488.9764505765557,495.2345959448005,488.61007707252077,493.95721435546875,13984800
2025-07-07,492.51144569917784,493.8680307430937,490.3824968234557,492.8481140136719,13981600
2025-07-08,492.37280697303856,493.3234318678901,489.2734398258723,491.7588806152344,11846600
2025-07-09,495.40288075164045,501.8194631786975,494.8483646402868,498.58148193359375,18659500
2025-07-10,498.12595942487985,499.502368126141,492.8778497571002,496.57135009765625,16492100
2025-07-11,493.59080845907414,500.08659454551145,492.9273533491097,498.3933410644531,16459500
2025-07-14,496.6109349689791,499.0369655948213,496.1257409313552,498.09625244140625,12058800
2025-07-15,498.0962552049,503.3245715280963,497.8685258646023,500.8688659667969,14927200
2025-07-16,500.2351113436526,501.7600457375481,496.9773367906475,500.6708068847656,15154400
2025-07-17,500.7302212088446,508.34495123446135,500.67081092720053,506.6913146972656,17503100
2025-07-18,509.44409517028413,509.6025628871289,502.46311478523944,505.0574645996094,21209700
2025-07-21,501.7501069031347,507.0774803175347,500.60145783110823,505.06732177734375,14066800
2025-07-22,505.9684679829346,506.1962275502158,500.3242492675781,500.3242492675781,13868600
2025-07-23,501.78972599996087,501.8293429250601,495.79895793496456,500.9183349609375,16396600
2025-07-24,503.7899408054956,508.6419715627398,502.33432855643633,505.8793029785156,16107000
2025-07-25,507.4537274302719,513.2167663968169,505.3643953860848,508.681640625,19125700
2025-07-28,509.04804137949895,509.9590192096989,505.1267813382861,507.4834899902344,14308000
2025-07-29,510.4838436674275,512.5533521818816,506.5526719682665,507.55279541015625,16469200
2025-07-30,510.12737953565073,510.89977372470673,504.45348544577774,508.2162780761719,26380400
2025-07-31,549.7951084550788,550.0129864113624,526.6935178159886,528.27783203125,51617300
2025-08-01,529.7632787074629,530.5554360086387,515.7616702567567,518.9798583984375,28977600
2025-08-04,523.0990575737549,532.9813491761439,522.9604134562841,530.3969116210938,25349000
2025-08-05,531.9219176627233,532.0407382325785,522.0792108748774,522.584228515625,19171600
2025-08-06,525.70337986457,526.4955370830186,518.9006307843745,519.8016967773438,21355700
2025-08-07,521.6434435727333,522.9208551796034,512.483986539974,515.7418212890625,16079100
2025-08-08,517.4845698020915,519.524403327164,514.3257923084495,516.9300537109375,15531000
2025-08-11,517.1875004407061,522.4257584225397,514.6327376205326,516.6627197265625,20194400
2025-08-12,518.6233183732385,525.7825288027884,517.5836082950698,524.0595703125,18667000
2025-08-13,526.901545781552,527.4857972911225,514.2862580919234,515.4844360351562,19619200
2025-08-14,517.4449565045493,520.8017882377586,515.0486614235291,517.36572265625,20269100
2025-08-15,517.6528943134479,520.9502551513766,513.9990113965767,515.0783081054688,25213300
2025-08-18,516.4844919382945,517.7024328589179,508.9885829187347,512.0383911132812,23760600
2025-08-19,509.9590305231463,510.1174378041072,503.57215290768977,504.78021240234375,21481000
2025-08-20,504.87923949406314,505.9981835608303,499.50239716393804,500.7698669433594,27723000
2025-08-21,499.5796529563519,503.4875031078027,498.61756740599895,500.1251525878906,18443300
2025-08-22,500.1350363394598,506.56216679087737,498.310055406757,503.0907287597656,24324200
2025-08-25,502.4956437530773,504.04291093011733,500.00611695670057,500.1449890136719,21638600
2025-08-26,500.24412923099453,500.8590951140394,494.44189267773186,497.9430847167969,30835700
2025-08-27,497.9034268047853,503.1502662118434,495.8205578102606,502.604736328125,17277900
2025-08-28,502.95187030654046,506.91922816363694,501.3748491905692,505.4810791015625,18015600
2025-08-29,504.5090396010348,505.44137107101903,500.3730559294206,502.55511474609375,20961600
2025-09-02,496.38587753866574,501.87074834041937,492.75574161607386,500.9979248046875,18128000
2025-09-03,499.6788070917271,503.64616490840893,498.220801883355,501.22607421875,16345100
2025-09-04,500.18461248708434,504.0032003466391,499.04400319618804,503.8246765136719,15509500
2025-09-05,504.9157294675595,507.79205789513924,488.35199810583333,490.9605407714844,31994800
2025-09-08,494.0451377441344,497.1099483047291,490.990285532587,494.1344299316406,16771000
2025-09-09,497.33805669614713,498.15137232357364,493.63851485593227,494.34271240234375,14410500
2025-09-10,498.8754294126598,499.1233892811019,492.66650462093776,496.2867126464844,21611800
2025-09-11,498.15138006137016,499.0638857033828,493.8170463660224,496.9215087890625,18881600
2025-09-12,502.5154742767582,508.367321245748,499.73833579713096,505.73895263671875,23624900
2025-09-15,504.63802593930427,511.2634762434591,502.86262476523797,511.1543884277344,17143800
2025-09-16,512.6620043570016,513.0091239663263,504.4495745277025,504.885986328125,19711900
2025-09-17,506.4530809454648,507.11762672901375,501.8013512662406,505.85797119140625,15816600
2025-09-18,507.31598208941665,508.88310546808697,503.51725007824297,504.3008117675781,18913700
2025-09-19,506.3936379963221,515.062306658186,506.1456780893485,513.7034912109375,52474100
2025-09-22,511.3825425873763,513.5149611406991,508.35738375283694,510.2518310546875,20009300
2025-09-23,509.60711582016205,510.3907077578639,503.17008724169204,505.0744323730469,19799600
2025-09-24,506.215041937542,508.29788064425674,502.7832857896144,505.9869079589844,13533700
2025-09-25,504.1519591362548,505.8480263178102,500.91858324777104,502.892333984375,15786500
2025-09-26,505.8976246789574,509.74596656687834,502.4856945681329,507.28619384765625,16213100
2025-09-29,507.3258348805616,512.6321512651683,504.7272205888506,510.4005126953125,17617800
2025-09-30,509.05168089535164,513.9315141469417,505.5009089039439,513.7232666015625,19728200
2025-10-01,510.59884629763064,516.262270347176,507.514240683481,515.4688110351562,22632300
2025-10-02,513.4158303625842,517.343476169315,506.5126054199375,511.53131103515625,21222900
2025-10-03,512.8801529316524,516.2425031799986,510.7973143114264,513.1281127929688,15112300
2025-10-06,514.377848960065,526.6965386672223,513.9712214168786,524.256591796875,21388600
2025-10-07,523.9788663400786,525.4765536672338,517.1847899970462,519.7040405273438,14615200
2025-10-08,519.0096990644043,522.6497323527587,518.8212471755213,520.5668334960938,13363400
2025-10-09,518.0773939158137,520.0511445409561,513.1777050939771,518.1369018554688,18343600
2025-10-10,515.3994727403434,519.3073226434543,505.47115003636685,506.790283203125,24133800
2025-10-13,512.1957986627914,512.1957986627914,507.50441729945595,509.8550720214844,14284200
2025-10-14,506.0662576446326,511.07506506957225,501.87076583985106,509.3789978027344,14684300
2025-10-15,510.75768630195654,512.9694689959882,505.83814063109804,509.2401428222656,14694700
2025-10-16,508.3971133632887,512.6322269089161,503.98341543309897,507.43499755859375,15559600
2025-10-17,504.8859867353243,511.2734052578957,503.1700935064365,509.3889465332031,19867800
2025-10-20,510.41055088987974,514.4672014016805,509.24018745186737,512.57275390625,14665600
2025-10-21,513.2769402267872,514.4572316509175,508.8533142722573,513.4356079101562,15586200
2025-10-22,516.8971823641815,520.943843958813,513.4852520447155,516.2921142578125,18962700
2025-10-23,518.1964086283891,519.6742395740552,514.3777908083965,516.3118896484375,14023500
2025-10-24,518.5236595856693,521.0627658394295,516.4606773737235,519.3369750976562,15532400
2025-10-27,527.4404441110845,530.2175826339089,524.6930292943027,527.1825561523438,18734700
2025-10-28,545.5116410650497,549.2012543795508,536.356983260493,537.6463623046875,29986700
2025-10-29,540.4929653309738,541.8121286840217,532.3499420595073,537.130615234375,36023000
2025-10-30,526.1509968235328,530.6043464776645,517.8592331602406,521.4695434570312,41023100
2025-10-31,524.5640198650095,525.0004316167937,510.896444053691,513.5843505859375,34006400
2025-11-03,515.5680119038287,520.676008789008,510.3906395365282,512.8107299804688,22374700
2025-11-04,507.5838081580189,511.342858187808,503.6957838776707,510.1328430175781,20958700
2025-11-05,509.1112106662694,510.6287541811956,502.4460479183387,503.0213317871094,23024300
2025-11-06,501.53353925537283,501.5732213085109,491.7639146320967,493.04339599609375,27406500
2025-11-07,492.89463000746537,495.30479262227396,489.2248119110569,492.76568603515625,24019800
2025-11-10,495.95940345274505,502.7138276367279,494.72950196106785,501.8707580566406,26101500
2025-11-11,500.68058840039413,505.441436360325,498.2505996850444,504.5289306640625,17980000
2025-11-12,505.203338237195,507.494515261433,495.0469117437556,506.9688415527344,26574900
2025-11-13,506.1455939798088,509.3095642884979,497.1992129195551,499.1828918457031,25273100
2025-11-14,494.1641988801248,507.4250879884235,493.38063720960855,506.01666259765625,28505700
2025-11-17,504.3007594029326,507.9407930820625,500.78963942134817,503.34857177734375,19092800
2025-11-18,491.3275301094218,498.87544447228873,482.8076324047851,489.76043701171875,33815100
2025-11-19,486.1005289347495,491.14898819063853,478.88983663624714,483.14483642578125,23245300
2025-11-20,489.60385435710714,490.45844852333465,472.50235794747454,475.41387939453125,26802500
2025-11-21,475.4834301610789,475.9007957312625,465.3179114267742,469.1436462402344,31769200
2025-11-24,472.0055061050608,473.89352206444323,465.0694984877541,471.0118103027344,34421000
2025-11-25,471.08136597664605,476.12932719889915,461.9592459889855,473.9829406738281,28019800
2025-11-26,483.244222260298,485.23161394332453,478.1664510662567,482.4393310546875,25709100
2025-11-28,484.5260924315005,489.5243812398697,483.5820692635899,488.9082946777344,14386700
2025-12-01,485.3607732415945,486.7718042788117,481.59465771305275,483.6714782714844,23964000
2025-12-02,483.6516286444489,490.38888506208144,483.2541563831954,486.91094970703125,19562700
2025-12-03,473.3171775583083,481.18723109312356,472.2042431453193,474.7182922363281,34615100
2025-12-04,476.7355376297969,478.28570075231454,473.48613274494215,477.8087158203125,22318200
2025-12-05,479.4780948278929,480.35255199911325,475.86105782216015,480.11407470703125,22608700
2025-12-08,481.8331998835391,489.1964595164875,481.32640529111774,487.9245300292969,21965900
2025-12-09,486.016607703579,489.01755801519323,485.42038417588924,488.9181823730469,14696100
2025-12-10,480.9786084159209,481.1972227192708,472.0850182923752,475.5430908203125,35756200
2025-12-11,473.6252433732215,482.96597801292137,472.86007818396723,480.422119140625,24669200
2025-12-12,476.79512068758515,479.40854546431024,473.3370484252935,475.51324462890625,21248100
2025-12-15,477.0733729131614,477.6894594742654,469.5411415575728,471.82666015625,23727700
2025-12-16,468.9350114671635,474.87732355778707,467.911505956298,473.38677978515625,20705600
2025-12-17,473.903466892556,476.9739832708393,472.0055042784347,473.1184387207031,24527200
2025-12-18,475.17538699144035,486.5134594689822,474.8772903878124,480.92889404296875,28573500
2025-12-19,484.2875529363844,484.77448448182145,479.4482594182398,482.8566589355469,70836100
2025-12-22,483.0554234208069,485.64898536737695,479.6470539215635,481.8630065917969,16963000
2025-12-23,481.922585996358,484.75459468390824,481.6840783901604,483.7807922363281,14683600
2025-12-24,482.61817584356095,486.0762481946253,481.77352833631136,484.94342041015625,5855900
2025-12-26,483.64168016456847,485.0427948985028,482.8964083055729,484.6353759765625,8842200
2025-12-29,481.80333660098637,485.27135560420123,481.1276307272214,484.02923583984375,10893400
2025-12-30,482.8665831796088,486.5929423552436,482.4393012721813,484.4068298339844,13944500
2025-12-31,484.7645645601486,485.06269150087525,480.25317705215497,480.5711669921875,15601600
2026-01-02,481.3363251826272,481.6046121327098,467.1960229709088,469.95849609375,25571600
2026-01-05,471.07147364955256,473.06881210295353,466.54022279348425,469.8691101074219,25250300
2026-01-06,470.8130789419108,475.7219388392127,466.7886229022075,475.493408203125,23037700
2026-01-07,476.73551614076564,486.6128550141313,474.936929133209,480.422119140625,25564200
2026-01-08,478.20615894860083,479.61722033317443,472.8600706717694,475.09588623046875,18162600
2026-01-09,471.0714211959582,476.7951186190047,469.2231615927928,476.2585144042969,18491000
2026-01-12,473.6649886945649,477.95773148860775,472.68120923483104,474.1717529296875,23519900
2026-01-13,471.68751939768345,472.7805908527595,463.01257439213845,467.70281982421875,28545800
2026-01-14,463.51933114332076,465.2483824443871,454.2879190598576,456.4839782714844,28184300
2026-01-15,461.1940901109254,461.32327541703046,453.02590941718984,453.7811279296875,23225800
2026-01-16,454.9437362325269,460.26996150673693,453.60227115836847,456.9609375,34246700
2026-01-20,448.3754483517362,453.92025792216236,446.4476759522066,451.6546325683594,26130000
2026-01-21,449.74673993987386,449.836168925793,435.9144806057656,441.31024169921875,37980500
2026-01-22,444.79810039972057,449.9851935867555,441.89652570286836,448.2959289550781,25349400
2026-01-23,449.02131930234236,468.1301005814363,447.6897705604439,463.0125732421875,38000200
2026-01-26,462.3766075757791,471.2602507862521,459.0874767807031,467.3152770996094,29291200
2026-01-27,470.7137217228436,479.82589540353166,470.17711748937944,477.5503234863281,29213900
2026-01-28,480.16374552458444,480.69040309270366,474.9865988275796,478.5937194824219,36875400
2026-01-29,437.2162272399066,439.7104135269112,418.36581575660404,430.76715087890625,128855300
2026-01-30,436.4014165119217,436.8286984461687,423.7616041817895,427.577392578125,58566800
2026-02-02,427.5277051213245,428.0245530606437,419.58808475506504,420.7010192871094,42219900
2026-02-03,419.34957819955315,419.3893041977899,405.9843574339844,408.6176452636719,61424100
2026-02-04,408.40896545860215,417.15347618992746,406.66005118226167,411.578857421875,45012400
2026-02-05,404.87141244319446,405.72597626088844,389.84673704915224,391.188232421875,66289200
2026-02-06,396.6535630940219,399.25704122003975,390.4429643868461,398.61114501953125,53515300
2026-02-09,402.297746078297,412.2744602868579,398.34282592261525,410.9925842285156,45480500
2026-02-10,416.97464756162884,421.0090502850332,410.0982892644293,410.6646728515625,44857900
2026-02-11,413.5563153661985,413.8345489802859,398.4819668946231,401.8207702636719,42491000
2026-02-12,402.4467839094351,403.6392309547976,395.5008602319473,399.30670166015625,40802400
2026-02-13,401.90028127287496,402.98340606348665,395.54060384789733,398.7900085449219,34091600
2026-02-17,396.7032617740463,397.9950542597942,392.04282577248057,394.3581237792969,32078800
2026-02-18,395.62013745533494,400.02220283554806,393.82155037537984,397.08087158203125,23223400
2026-02-19,399.07278661262325,402.7976819572589,395.0690225854118,396.8517761230469,28234000
2026-02-20,394.51123443489973,398.5050592846536,393.56508699389525,395.6267395019531,34015200
2026-02-23,393.4057107487328,393.7642431363039,381.55374731391754,382.918212890625,43238300
2026-02-24,382.58959213032324,387.7884945775691,380.16937672197673,387.4299621582031,33884700
2026-02-25,388.95376053046306,399.84960746436826,388.5852587696308,398.9831237792969,43625500
2026-02-26,403.0765245044552,405.8453028142193,397.1306190557743,400.0986022949219,34405900
2026-02-27,389.30236795593413,395.2183958601928,388.30640407164015,391.15484619140625,51367200
2026-03-02,391.2743390590049,399.57073485574693,389.0533591512552,396.9413757324219,35474900
2026-03-03,391.5532542396072,405.05852201627056,391.0851500003899,402.2996826171875,38199200
2026-03-04,399.6504140582061,409.3710312257941,398.69429724653685,403.5645751953125,35808000
2026-03-05,402.78771732924594,409.9486695143622,402.7677785996419,409.0224304199219,39001300
2026-03-06,407.54843921074234,411.38287590243635,406.8612216895844,407.30938720703125,31123900
2026-03-09,403.2857003455267,408.55432729115563,401.8714182880504,407.757568359375,30131900
2026-03-10,408.37506928692744,408.5443965203919,401.30371964643086,404.122314453125,31706400
2026-03-11,403.9330670994013,407.35918518479474,399.96912002302975,403.245849609375,25512100
2026-03-12,402.99687655683135,404.4808530373378,400.08864860368743,400.238037109375,27263900
2026-03-13,399.3815063856616,403.16615688192843,392.65875035547907,393.9534912109375,26848000
2026-03-16,396.4633374914087,399.01300251860397,393.1965772756644,398.33575439453125,27733700
2026-03-17,398.6544268926901,402.7677623283013,396.1446090107731,397.79791259765625,26228300
2026-03-18,395.5271533612366,396.39363710184665,389.42188971563326,390.2087097167969,25908500
2026-03-19,388.52551763585893,390.90585551603124,385.4977789148814,387.4498596191406,25138800
2026-03-20,385.22889118681917,385.43803509853177,378.58579850034175,380.3287353515625,50853200
2026-03-23,382.3505545919761,385.64719283721575,380.1395134056624,381.4541931152344,29680100
2026-03-24,380.8167328036651,380.9263046350485,370.34917314154325,371.2355651855469,42733600
2026-03-25,375.39872248264555,375.5381416220395,368.13813722010167,369.5424499511719,31181200
2026-03-26,369.3233510512375,373.2076042912997,363.71606927386256,364.492919921875,36836600
2026-03-27,360.43931657918756,360.9871149414508,355.07108715320055,355.33001708984375,37883400
2026-03-30,360.4393055378546,363.8853318939423,354.8419936524484,357.51116943359375,44797000
2026-03-31,363.07862179545566,371.3949263066763,361.6046146993887,368.67596435546875,45244400
2026-04-01,371.98254731341393,372.48052926345224,366.7139201659809,367.8791809082031,29417200
2026-04-02,365.7278929006101,372.1319638369453,362.680245817395,371.9526672363281,24099100
2026-04-06,371.98252335059567,372.22157533941066,368.0086373714944,371.375,16146600
2026-04-07,368.8452727581139,370.9467724245638,365.080530373921,370.78741455078125,21443300
2026-04-08,383.426192668859,383.4461010048471,369.9109552686541,372.81915283203125,33064800
2026-04-09,370.9965632857518,371.99252721403565,365.5685477188417,371.56427001953125,30435300
2026-04-10,371.47463812837884,374.12390583360843,368.5365323725683,369.3731384277344,28111100
2026-04-13,372.10205289266787,382.98796126737693,369.5225100750242,382.8186340332031,35745800
2026-04-14,386.3543213772784,393.09698589720546,384.95994763093,391.5233459472656,37504500
2026-04-15,396.3936283702306,412.69755239260473,395.1287651714373,409.5602722167969,45063400
2026-04-16,418.16537187855886,419.12151906860663,410.4765600541581,418.56378173828125,41642400
2026-04-17,423.10539315661504,429.83808848207923,418.99205736838906,421.0835876464844,48568200
2026-04-20,419.4501847919345,421.6213787702164,414.6197538627068,416.38262939453125,27582200
2026-04-21,418.54386715015573,425.4558591722327,415.51615872358184,422.44805908203125,32048500
2026-04-22,424.4698510786937,431.9495495900464,421.9600330275293,431.1726989746094,29378200
2026-04-23,418.19526527607866,421.9500379562064,409.7494810939023,414.07196044921875,38308000
2026-04-24,415.28707116170386,423.23487407473965,414.12178001797366,422.90618896484375,27457400
2026-04-27,420.6752229306716,425.38611256831246,415.3866572294081,423.1053771972656,30867300
2026-04-28,422.8563830057505,428.1847957314844,420.197146128082,427.5174865722656,30438100
2026-04-29,422.866306449911,425.0972860808559,418.59364353468584,422.7467956542969,38288300
2026-04-30,409.15192465494977,412.74737011555624,396.4035989759817,406.1341552734375,70909400
2026-05-01,411.1338775963461,415.4264794885345,408.7834174283456,412.76727294921875,31372400
2026-05-04,409.87897009526375,419.0816663151199,409.14193618030583,411.9505615234375,28066500
2026-05-05,413.6437352165572,415.09783400354706,407.1500311208482,409.7196350097656,25700900
2026-05-06,406.3532485673598,416.73120520087787,403.4748984673602,412.2891845703125,30285900
2026-05-07,418.41437649189606,426.25263786097554,417.06984955189336,419.07171630859375,34942400
2026-05-08,415.70537649227293,416.9403619714099,412.32904436576047,413.44451904296875,33383800
2026-05-11,406.22377045102496,411.02432350049145,403.86334099070683,410.99444580078125,35657900
2026-05-12,412.8071154720842,413.8229876767416,404.9987623844293,406.1241760253906,38594200
2026-05-13,401.57265715241186,404.6700902960666,399.41140211310335,403.57452392578125,29667100
2026-05-14,402.847493220503,410.1777730080913,399.2620170659624,407.7774963378906,27077500
2026-05-15,412.5979239362014,426.4418454559798,411.2434277199191,420.2170715332031,50771200
2026-05-18,414.93848271907115,423.40417602339767,413.9325494355234,421.83056640625,32564100
2026-05-19,428.16486989475214,430.9535870211983,414.808990493047,415.7352600097656,33018700
2026-05-20,412.49835957243755,420.3963455784958,409.63991780241736,419.36053466796875,27864000
2026-05-21,423.9518891931334,425.5388979071037,414.92886694253497,418.3025207519531,31393500
2026-05-22,418.7517174636334,423.60257118762803,415.54772693408205,417.7835388183594,22390300
2026-05-26,415.6475333356961,418.9812539216563,412.24393696715845,415.248291015625,30398000
2026-05-27,410.23773822181624,415.15846763645,408.8104019854481,411.8946228027344,28901500
2026-05-28,412.2040283766931,428.68298564682067,411.89461329838434,426.18768310546875,47250500
2026-05-29,431.7372486144539,449.48383969057267,431.54760317786213,449.3940124511719,79654400
2026-06-01,463.96658383705716,465.4438139523178,457.40892124774234,459.6546936035156,53628900
2026-06-02,446.0403151791343,452.64787129328397,439.6024225764256,440.48077392578125,37036800
2026-06-03,437.62618910935214,439.56254639446627,423.45285793258154,426.53704833984375,39037000
2026-06-04,434.9911260035114,435.33048350032107,425.60879436274143,427.2456970214844,26899500
2026-06-05,427.5351398188391,428.66302140752947,413.6213308264138,415.8870849609375,34782200
2026-06-08,413.3618539280056,416.37616844333525,407.79232157753756,410.9663391113281,32086700
2026-06-09,408.26144336727174,411.20591258759293,397.7312786929967,402.6520080566406,35317300
2026-06-10,397.80110870103243,404.2789346443135,396.41373636313654,396.61334228515625,32576000
2026-06-11,394.46741202742857,396.1043451719433,383.278483574852,389.6065673828125,47224100
2026-06-12,390.6945042817559,391.003919361718,381.55171206615995,390.00579833984375,34865800
2026-06-15,396.05442037645633,400.99513175706005,392.11186050588947,399.0088806152344,32266400
2026-06-16,395.0463355104342,396.094350419825,389.9559121071713,393.0899963378906,31506800
2026-06-17,389.51671695343225,389.6364865987809,376.6110198431126,378.1980285644531,41987800
2026-06-18,377.11008548581106,380.6534028700893,372.5786075934489,378.6871032714844,59714200
2026-06-22,375.0339909424311,380.9129385065033,366.3802985575179,366.6497802734375,45171100
2026-06-23,371.6802994138851,376.51120135394876,369.9735210485466,373.23736572265625,40647600
2026-06-24,370.87185096853153,378.16811350773463,364.09460041679364,364.7733154296875,44509900
2026-06-25,362.0883479855026,363.5456265920902,348.54386902384044,352.1670227050781,66179000
2026-06-26,356.4789138154501,375.90234020580533,354.762144454129,372.2691955566406,186201600
2026-06-29,376.790685328561,379.7850483907747,359.2237492715265,367.8774719238281,51229900
2026-06-30,370.3328407149792,373.44697342275583,366.7595808670141,372.319091796875,44945700
2026-07-01,380.1144231011508,388.09939143880604,374.18561213385976,383.5579528808594,48065800
2026-07-02,383.7575696594082,391.4630649298244,382.97903650468743,389.7562561035156,42128900
2026-07-06,386.31276024010407,388.418780928489,380.5036887115837,386.0133056640625,34224500
2026-07-07,391.75251064257776,394.8267404517197,387.4905448392632,388.109375,29297500
2026-07-08,383.3084264217563,384.58602015004215,380.6134873969759,382.6197204589844,25908300
2026-07-09,373.74643420118315,383.92725049460796,372.64849496928053,383.6377868652344,31083200
2026-07-10,387.07131223677504,391.1736053926777,380.783162110783,384.37640380859375,24644600
2026-07-13,387.02143811329415,392.91034623109437,383.4281962321871,390.2553405761719,28914900
2026-07-14,382.1007052927433,387.46061042423804,377.93852713765,384.20672607421875,27863900
2026-07-15,387.07132248997675,398.2103568181361,385.6739591427675,394.8866271972656,36253700
2026-07-16,397.56157784187184,405.2271399033625,391.31333055964967,400.3463439941406,37047400
2026-07-17,394.1180409920291,397.64143734197864,388.6583483977542,393.08001708984375,33049800
2026-07-20,390.67455694621333,402.4224305318551,388.91785418191677,401.53411865234375,27915800
2026-07-21,398.0606303262699,400.7156358198418,395.57531880381754,397.00262451171875,24126600
2026-07-22,398.8291961465565,400.246541441447,386.2329133568751,389.6065673828125,28142500
2026-07-23,389.23725659651495,391.04385321150613,376.68090752842744,380.8630065917969,30351800
2026-07-24,386.32274187573427,388.29903252889795,379.9347732203772,380.9828186035156,27659400
2026-07-27,389.3470355932277,393.45931979821836,387.2609663085435,388.368896484375,27856200
2026-07-28,392.4212554523594,399.56780545733704,390.5647345556998,392.61090087890625,32367500
2026-07-29,392.6607942930367,400.4960502148319,388.00954678983055,389.8061828613281,47209000
2026-07-30,437.07720086969465,457.8281459885008,431.6274684759506,450.2524108886719,110160700
2026-07-31,449.1544591210436,465.962813447145,448.4857046349594,463.8468017578125,60846000
2026-08-03,475.2353605631651,490.7261876465455,474.10747895013026,486.73370361328125,66762100
2026-08-04,479.99640781848416,498.50158065157444,478.2696778930625,491.884033203125,50455500
2026-08-05,495.42733843271316,497.3038108374591,484.7674131728324,486.5440673828125,33388900
2026-08-06,487.6319998350186,500.61756372489685,487.60205742358346,498.9207458496094,36441500
2026-08-07,498.2719734340298,504.23075699317457,497.79289485093346,499.0505065917969,28846200
2026-08-10,502.4940586092805,512.7647021753171,501.32624359045303,505.109130859375,31206100
2026-08-11,503.3823542433026,504.38047525067043,498.61133704649393,502.86334228515625,23049800
2026-08-12,499.0505227551261,500.557695253814,490.59643643442394,491.5047302246094,29001500
2026-08-13,492.34314786956145,500.3979918654044,492.0836571155829,495.9463806152344,23039000
2026-08-14,495.42733437790497,499.07050046550256,492.991947114923,494.4691467285156,16217600
2026-08-17,489.21906226283284,491.73431632358415,477.51109147171053,479.44744873046875,29635800
2026-08-18,480.6352093836093,483.36006030134655,476.2534434403709,480.72503662109375,24087600
2026-08-19,479.16797047398614,488.3806080919379,478.4592826108848,483.3999938964844,19961900
2026-08-20,483.29998779296875,484.1600036621094,479.5,481.1499938964844,20020800
2026-08-21,479.8800048828125,486.3599853515625,478.5299987792969,483.239990234375,22510800
2026-08-24,483.2099914550781,490.6099853515625,481.8599853515625,487.30999755859375,17230800
2026-08-25,485.44000244140625,492.44000244140625,484.29998779296875,491.7099914550781,19519000
2026-08-26,487.8500061035156,497.3999938964844,487.30999755859375,496.3699951171875,20758900
2026-08-27,494.8800048828125,506.4800109863281,490.0799865722656,505.05999755859375,28688800
2026-08-28,505.3299865722656,517.780029296875,504.8699951171875,513.530029296875,29207300
2026-08-31,510.3800048828125,512.1900024414062,506.3900146484375,507.2900085449219,27208900
2026-09-01,497.5199890136719,505.9700012207031,496.7799987792969,501.0199890136719,21046900
2026-09-02,499.8500061035156,500.2699890136719,493.80999755859375,496.82000732421875,15336100
2026-09-03,501.6600036621094,515.6500244140625,500.79998779296875,510.1199951171875,24125900
2026-09-04,510.0,511.0,499.3599853515625,499.70001220703125,18101800
2026-09-08,493.010009765625,495.19000244140625,490.1499938964844,493.95001220703125,18882300
2026-09-09,493.07000732421875,494.3900146484375,489.79998779296875,491.6499938964844,12889600
2026-09-10,488.32000732421875,494.5199890136719,486.0,492.44000244140625,16038800
2026-09-11,495.6499938964844,498.9700012207031,492.5799865722656,495.6300048828125,14510500
2026-09-14,497.05999755859375,509.95001220703125,495.3399963378906,505.4100036621094,23091900
2026-09-15,500.05999755859375,505.8999938964844,495.5400085449219,497.1199951171875,17794600
2026-09-16,493.0299987792969,495.9700012207031,487.2300109863281,490.29998779296875,16670300
2026-09-17,497.79998779296875,501.4700012207031,493.1700134277344,497.75,17841600
2026-09-18,497.9700012207031,498.6499938964844,491.1000061035156,493.7799987792969,39622300
2026-09-21,494.95001220703125,501.8699951171875,491.3299865722656,501.6099853515625,27959900
2026-09-22,507.32000732421875,508.5,493.6499938964844,498.0,21652800
2026-09-23,500.760009765625,509.44000244140625,495.8800048828125,500.5899963378906,19445600
2026-09-24,495.07000732421875,498.8999938964844,491.2200012207031,497.92999267578125,16657600
2026-09-25,499.0400085449219,519.4000244140625,497.25,516.1699829101562,38193100
2026-09-28,505.4700012207031,513.3300170898438,502.2200012207031,509.2200012207031,19626900
2026-09-29,508.30999755859375,513.6400146484375,502.3999938964844,508.9599914550781,21341800
2026-09-30,511.6099853515625,519.8300170898438,510.30999755859375,512.9000244140625,27223300
2026-10-01,519.8800048828125,522.8499755859375,512.1699829101562,512.7999877929688,19731900
2026-10-02,519.3900146484375,522.5,513.6599731445312,517.530029296875,17803300
